id_documento,id_siniestro,tipo_documento,entregado,legible,fecha_emision,inconsistencia_detectada,observacion
DOC0000001,SIN000001,Denuncia,True,True,2024-10-19,False,
DOC0000002,SIN000001,Factura,True,True,2024-10-21,False,
DOC0000003,SIN000001,Informe,True,True,2024-10-23,False,
DOC0000004,SIN000002,Denuncia,True,True,2025-09-12,False,
DOC0000005,SIN000002,Factura,True,True,2025-09-10,False,
DOC0000006,SIN000002,Informe,True,True,2025-09-10,False,
DOC0000007,SIN000003,Denuncia,True,True,2025-02-10,False,
DOC0000008,SIN000003,Factura,True,True,2025-02-08,False,
DOC0000009,SIN000003,Informe,True,True,2025-02-08,False,
DOC0000010,SIN000004,Denuncia,True,True,2025-08-23,False,
DOC0000011,SIN000004,Factura,True,True,2025-08-20,False,
DOC0000012,SIN000004,Informe,True,True,2025-08-24,False,
DOC0000013,SIN000005,Denuncia,True,True,2024-04-17,False,
DOC0000014,SIN000005,Factura,True,True,2024-04-18,False,
DOC0000015,SIN000005,Informe,True,True,2024-04-16,False,
DOC0000016,SIN000006,Denuncia,True,True,2024-10-24,False,
DOC0000017,SIN000006,Factura,True,True,2024-10-23,False,
DOC0000018,SIN000006,Informe,True,True,2024-10-22,False,
DOC0000019,SIN000007,Denuncia,True,True,2024-06-06,False,
DOC0000020,SIN000007,Factura,True,True,2024-06-09,False,
DOC0000021,SIN000007,Informe,True,True,2024-06-07,False,
DOC0000022,SIN000008,Denuncia,True,True,2025-02-19,False,
DOC0000023,SIN000008,Factura,True,True,2025-02-20,False,
DOC0000024,SIN000008,Informe,True,True,2025-02-18,False,
DOC0000025,SIN000009,Denuncia,True,True,2024-01-30,False,
DOC0000026,SIN000009,Factura,True,True,2024-02-02,False,
DOC0000027,SIN000009,Informe,True,True,2024-02-02,False,
DOC0000028,SIN000010,Denuncia,True,True,2024-05-06,False,
DOC0000029,SIN000010,Factura,True,True,2024-05-05,False,
DOC0000030,SIN000010,Informe,True,True,2024-05-05,False,
DOC0000031,SIN000011,Denuncia,True,True,2025-03-02,False,
DOC0000032,SIN000011,Factura,True,True,2025-02-27,False,
DOC0000033,SIN000011,Informe,True,True,2025-02-28,False,
DOC0000034,SIN000012,Denuncia,True,True,2025-02-28,False,
DOC0000035,SIN000012,Factura,True,True,2025-02-28,False,
DOC0000036,SIN000012,Informe,True,True,2025-02-28,False,
DOC0000037,SIN000013,Denuncia,True,True,2024-07-26,False,
DOC0000038,SIN000013,Factura,True,True,2024-07-25,False,
DOC0000039,SIN000013,Informe,True,True,2024-07-24,False,
DOC0000040,SIN000014,Denuncia,True,True,2025-05-14,False,
DOC0000041,SIN000014,Factura,True,True,2025-05-12,False,
DOC0000042,SIN000014,Informe,True,True,2025-05-13,False,
DOC0000043,SIN000015,Denuncia,True,True,2025-06-02,False,
DOC0000044,SIN000015,Factura,True,True,2025-05-30,False,
DOC0000045,SIN000015,Informe,True,True,2025-06-02,False,
DOC0000046,SIN000016,Denuncia,True,True,2024-08-17,False,
DOC0000047,SIN000016,Factura,True,True,2024-08-21,False,
DOC0000048,SIN000016,Informe,True,True,2024-08-16,False,
DOC0000049,SIN000017,Denuncia,True,True,2025-06-24,False,
DOC0000050,SIN000017,Factura,True,True,2025-06-25,False,
DOC0000051,SIN000017,Informe,True,True,2025-06-21,False,
DOC0000052,SIN000018,Denuncia,True,True,2025-09-10,False,
DOC0000053,SIN000018,Factura,True,True,2025-09-10,False,
DOC0000054,SIN000018,Informe,True,True,2025-09-13,False,
DOC0000055,SIN000019,Denuncia,True,True,2024-09-27,False,
DOC0000056,SIN000019,Factura,True,True,2024-09-23,False,
DOC0000057,SIN000019,Informe,True,True,2024-09-25,False,
DOC0000058,SIN000020,Denuncia,True,True,2025-01-02,False,
DOC0000059,SIN000020,Factura,True,True,2024-12-31,False,
DOC0000060,SIN000020,Informe,True,True,2024-12-30,False,
DOC0000061,SIN000021,Denuncia,True,True,2025-01-07,False,
DOC0000062,SIN000021,Factura,True,True,2025-01-05,False,
DOC0000063,SIN000021,Informe,True,True,2025-01-03,False,
DOC0000064,SIN000022,Denuncia,True,True,2025-05-23,False,
DOC0000065,SIN000022,Factura,True,True,2025-05-24,False,
DOC0000066,SIN000022,Informe,True,True,2025-05-23,False,
DOC0000067,SIN000023,Denuncia,True,True,2025-09-19,False,
DOC0000068,SIN000023,Factura,True,True,2025-09-22,False,
DOC0000069,SIN000023,Informe,True,True,2025-09-18,False,
DOC0000070,SIN000024,Denuncia,True,True,2024-11-24,False,
DOC0000071,SIN000024,Factura,True,True,2024-11-22,False,
DOC0000072,SIN000024,Informe,True,True,2024-11-22,False,
DOC0000073,SIN000025,Denuncia,True,True,2024-12-18,False,
DOC0000074,SIN000025,Factura,True,True,2024-12-17,False,
DOC0000075,SIN000025,Informe,True,True,2024-12-17,False,
DOC0000076,SIN000026,Denuncia,True,True,2025-06-14,False,
DOC0000077,SIN000026,Factura,True,True,2025-06-19,False,
DOC0000078,SIN000026,Informe,True,True,2025-06-17,False,
DOC0000079,SIN000027,Denuncia,True,True,2025-08-01,False,
DOC0000080,SIN000027,Factura,True,True,2025-07-29,False,
DOC0000081,SIN000027,Informe,True,True,2025-07-29,False,
DOC0000082,SIN000028,Denuncia,True,True,2025-02-25,False,
DOC0000083,SIN000028,Factura,True,True,2025-02-24,False,
DOC0000084,SIN000028,Informe,True,True,2025-02-24,False,
DOC0000085,SIN000029,Denuncia,True,True,2024-12-28,False,
DOC0000086,SIN000029,Factura,True,True,2025-01-02,False,
DOC0000087,SIN000029,Informe,True,True,2024-12-29,False,
DOC0000088,SIN000030,Denuncia,True,True,2024-11-08,False,
DOC0000089,SIN000030,Factura,True,True,2024-11-07,False,
DOC0000090,SIN000030,Informe,True,True,2024-11-08,False,
DOC0000091,SIN000031,Denuncia,True,True,2025-03-11,False,
DOC0000092,SIN000031,Factura,True,True,2025-03-14,False,
DOC0000093,SIN000031,Informe,True,True,2025-03-11,False,
DOC0000094,SIN000032,Denuncia,True,True,2025-02-24,False,
DOC0000095,SIN000032,Factura,True,True,2025-02-20,False,
DOC0000096,SIN000032,Informe,True,True,2025-02-23,False,
DOC0000097,SIN000033,Denuncia,True,True,2025-06-11,False,
DOC0000098,SIN000033,Factura,True,True,2025-06-07,False,
DOC0000099,SIN000033,Informe,True,True,2025-06-06,False,
DOC0000100,SIN000034,Denuncia,True,True,2024-08-11,False,
DOC0000101,SIN000034,Factura,True,True,2024-08-10,False,
DOC0000102,SIN000034,Informe,True,True,2024-08-14,False,
DOC0000103,SIN000035,Denuncia,True,True,2025-02-26,False,
DOC0000104,SIN000035,Factura,True,True,2025-02-26,False,
DOC0000105,SIN000035,Informe,True,True,2025-02-26,False,
DOC0000106,SIN000036,Denuncia,True,True,2024-12-12,False,
DOC0000107,SIN000036,Factura,True,True,2024-12-10,False,
DOC0000108,SIN000036,Informe,True,True,2024-12-09,False,
DOC0000109,SIN000037,Denuncia,True,True,2024-09-13,False,
DOC0000110,SIN000037,Factura,True,True,2024-09-15,False,
DOC0000111,SIN000037,Informe,True,True,2024-09-12,False,
DOC0000112,SIN000038,Denuncia,True,True,2025-05-03,False,
DOC0000113,SIN000038,Factura,True,True,2025-05-06,False,
DOC0000114,SIN000038,Informe,True,True,2025-05-07,False,
DOC0000115,SIN000039,Denuncia,True,True,2025-02-15,False,
DOC0000116,SIN000039,Factura,True,True,2025-02-16,False,
DOC0000117,SIN000039,Informe,True,True,2025-02-12,False,
DOC0000118,SIN000040,Denuncia,True,True,2024-06-24,False,
DOC0000119,SIN000040,Factura,True,True,2024-06-22,False,
DOC0000120,SIN000040,Informe,True,True,2024-06-25,False,
DOC0000121,SIN000041,Denuncia,True,True,2024-12-28,False,
DOC0000122,SIN000041,Factura,True,True,2024-12-28,False,
DOC0000123,SIN000041,Informe,True,True,2024-12-30,False,
DOC0000124,SIN000042,Denuncia,True,True,2024-12-17,False,
DOC0000125,SIN000042,Factura,True,True,2024-12-16,False,
DOC0000126,SIN000042,Informe,True,True,2024-12-14,False,
DOC0000127,SIN000043,Denuncia,True,True,2024-10-29,False,
DOC0000128,SIN000043,Factura,True,True,2024-11-03,False,
DOC0000129,SIN000043,Informe,True,True,2024-11-02,False,
DOC0000130,SIN000044,Denuncia,True,True,2024-09-10,False,
DOC0000131,SIN000044,Factura,True,True,2024-09-10,False,
DOC0000132,SIN000044,Informe,True,True,2024-09-10,False,
DOC0000133,SIN000045,Denuncia,True,True,2024-08-17,False,
DOC0000134,SIN000045,Factura,True,True,2024-08-17,False,
DOC0000135,SIN000045,Informe,True,True,2024-08-15,False,
DOC0000136,SIN000046,Denuncia,True,True,2025-02-01,False,
DOC0000137,SIN000046,Factura,True,True,2025-01-31,False,
DOC0000138,SIN000046,Informe,True,True,2025-01-28,False,
DOC0000139,SIN000047,Denuncia,True,True,2025-01-05,False,
DOC0000140,SIN000047,Factura,True,True,2025-01-01,False,
DOC0000141,SIN000047,Informe,True,True,2025-01-05,False,
DOC0000142,SIN000048,Denuncia,True,True,2025-07-18,False,
DOC0000143,SIN000048,Factura,True,True,2025-07-17,False,
DOC0000144,SIN000048,Informe,True,True,2025-07-19,False,
DOC0000145,SIN000049,Denuncia,True,True,2024-09-02,False,
DOC0000146,SIN000049,Factura,True,True,2024-09-04,False,
DOC0000147,SIN000049,Informe,True,True,2024-09-04,False,
DOC0000148,SIN000050,Denuncia,True,True,2025-05-25,False,
DOC0000149,SIN000050,Factura,True,True,2025-05-30,False,
DOC0000150,SIN000050,Informe,True,True,2025-05-25,False,
DOC0000151,SIN000051,Denuncia,True,True,2024-12-10,False,
DOC0000152,SIN000051,Factura,True,True,2024-12-13,False,
DOC0000153,SIN000051,Informe,True,True,2024-12-11,False,
DOC0000154,SIN000052,Denuncia,True,True,2025-01-04,False,
DOC0000155,SIN000052,Factura,True,True,2025-01-07,False,
DOC0000156,SIN000052,Informe,True,True,2025-01-06,False,
DOC0000157,SIN000053,Denuncia,True,True,2024-09-08,False,
DOC0000158,SIN000053,Factura,True,True,2024-09-06,False,
DOC0000159,SIN000053,Informe,True,True,2024-09-06,False,
DOC0000160,SIN000054,Denuncia,True,True,2025-04-08,False,
DOC0000161,SIN000054,Factura,True,True,2025-04-11,False,
DOC0000162,SIN000054,Informe,True,True,2025-04-10,False,
DOC0000163,SIN000055,Denuncia,True,True,2024-05-26,False,
DOC0000164,SIN000055,Factura,True,True,2024-05-29,False,
DOC0000165,SIN000055,Informe,True,True,2024-05-26,False,
DOC0000166,SIN000056,Denuncia,True,True,2025-03-01,False,
DOC0000167,SIN000056,Factura,True,True,2025-02-28,False,
DOC0000168,SIN000056,Informe,True,True,2025-03-01,False,
DOC0000169,SIN000057,Denuncia,True,True,2025-07-28,False,
DOC0000170,SIN000057,Factura,True,True,2025-07-30,False,
DOC0000171,SIN000057,Informe,True,True,2025-07-25,False,
DOC0000172,SIN000058,Denuncia,True,True,2025-02-09,False,
DOC0000173,SIN000058,Factura,True,True,2025-02-13,False,
DOC0000174,SIN000058,Informe,True,True,2025-02-13,False,
DOC0000175,SIN000059,Denuncia,True,True,2024-09-07,False,
DOC0000176,SIN000059,Factura,True,True,2024-09-04,False,
DOC0000177,SIN000059,Informe,True,True,2024-09-06,False,
DOC0000178,SIN000060,Denuncia,True,True,2025-10-16,False,
DOC0000179,SIN000060,Factura,True,True,2025-10-17,False,
DOC0000180,SIN000060,Informe,True,True,2025-10-16,False,
DOC0000181,SIN000061,Denuncia,True,True,2024-12-09,False,
DOC0000182,SIN000061,Factura,True,True,2024-12-10,False,
DOC0000183,SIN000061,Informe,True,True,2024-12-11,False,
DOC0000184,SIN000062,Denuncia,True,True,2024-06-23,False,
DOC0000185,SIN000062,Factura,True,True,2024-06-20,False,
DOC0000186,SIN000062,Informe,True,True,2024-06-24,False,
DOC0000187,SIN000063,Denuncia,True,True,2025-06-15,False,
DOC0000188,SIN000063,Factura,True,True,2025-06-18,False,
DOC0000189,SIN000063,Informe,True,True,2025-06-17,False,
DOC0000190,SIN000064,Denuncia,True,True,2025-01-15,False,
DOC0000191,SIN000064,Factura,True,True,2025-01-15,False,
DOC0000192,SIN000064,Informe,True,True,2025-01-15,False,
DOC0000193,SIN000065,Denuncia,True,True,2025-05-18,False,
DOC0000194,SIN000065,Factura,True,True,2025-05-18,False,
DOC0000195,SIN000065,Informe,True,True,2025-05-18,False,
DOC0000196,SIN000066,Denuncia,True,True,2024-12-20,False,
DOC0000197,SIN000066,Factura,True,True,2024-12-20,False,
DOC0000198,SIN000066,Informe,True,True,2024-12-23,False,
DOC0000199,SIN000067,Denuncia,True,True,2025-02-12,False,
DOC0000200,SIN000067,Factura,True,True,2025-02-13,False,
DOC0000201,SIN000067,Informe,True,True,2025-02-10,False,
DOC0000202,SIN000068,Denuncia,True,True,2024-08-04,False,
DOC0000203,SIN000068,Factura,True,True,2024-08-06,False,
DOC0000204,SIN000068,Informe,True,True,2024-08-05,False,
DOC0000205,SIN000069,Denuncia,True,True,2025-05-24,False,
DOC0000206,SIN000069,Factura,True,True,2025-05-22,False,
DOC0000207,SIN000069,Informe,True,True,2025-05-23,False,
DOC0000208,SIN000070,Denuncia,True,True,2025-02-12,False,
DOC0000209,SIN000070,Factura,True,True,2025-02-09,False,
DOC0000210,SIN000070,Informe,True,True,2025-02-09,False,
DOC0000211,SIN000071,Denuncia,True,True,2024-09-07,False,
DOC0000212,SIN000071,Factura,True,True,2024-09-04,False,
DOC0000213,SIN000071,Informe,True,True,2024-09-07,False,
DOC0000214,SIN000072,Denuncia,True,True,2024-11-20,False,
DOC0000215,SIN000072,Factura,True,True,2024-11-21,False,
DOC0000216,SIN000072,Informe,True,True,2024-11-25,False,
DOC0000217,SIN000073,Denuncia,True,True,2024-06-17,False,
DOC0000218,SIN000073,Factura,True,True,2024-06-22,False,
DOC0000219,SIN000073,Informe,True,True,2024-06-17,False,
DOC0000220,SIN000074,Denuncia,True,True,2024-07-21,False,
DOC0000221,SIN000074,Factura,True,True,2024-07-25,False,
DOC0000222,SIN000074,Informe,True,True,2024-07-20,False,
DOC0000223,SIN000075,Denuncia,True,True,2024-07-17,False,
DOC0000224,SIN000075,Factura,True,True,2024-07-16,False,
DOC0000225,SIN000075,Informe,True,True,2024-07-18,False,
DOC0000226,SIN000076,Denuncia,True,True,2025-03-31,False,
DOC0000227,SIN000076,Factura,True,True,2025-03-30,False,
DOC0000228,SIN000076,Informe,True,True,2025-04-01,False,
DOC0000229,SIN000077,Denuncia,True,True,2024-06-19,False,
DOC0000230,SIN000077,Factura,True,True,2024-06-19,False,
DOC0000231,SIN000077,Informe,True,True,2024-06-18,False,
DOC0000232,SIN000078,Denuncia,True,True,2025-03-20,False,
DOC0000233,SIN000078,Factura,True,True,2025-03-20,False,
DOC0000234,SIN000078,Informe,True,True,2025-03-17,False,
DOC0000235,SIN000079,Denuncia,True,True,2025-07-10,False,
DOC0000236,SIN000079,Factura,True,True,2025-07-10,False,
DOC0000237,SIN000079,Informe,True,True,2025-07-10,False,
DOC0000238,SIN000080,Denuncia,True,True,2024-06-28,False,
DOC0000239,SIN000080,Factura,True,True,2024-06-28,False,
DOC0000240,SIN000080,Informe,True,True,2024-07-01,False,
DOC0000241,SIN000081,Denuncia,True,True,2024-06-01,False,
DOC0000242,SIN000081,Factura,True,True,2024-06-01,False,
DOC0000243,SIN000081,Informe,True,True,2024-06-02,False,
DOC0000244,SIN000082,Denuncia,True,True,2024-11-17,False,
DOC0000245,SIN000082,Factura,True,True,2024-11-17,False,
DOC0000246,SIN000082,Informe,True,True,2024-11-18,False,
DOC0000247,SIN000083,Denuncia,True,True,2025-08-02,False,
DOC0000248,SIN000083,Factura,True,True,2025-08-02,False,
DOC0000249,SIN000083,Informe,True,True,2025-08-05,False,
DOC0000250,SIN000084,Denuncia,True,True,2024-11-07,False,
DOC0000251,SIN000084,Factura,True,True,2024-11-08,False,
DOC0000252,SIN000084,Informe,True,True,2024-11-06,False,
DOC0000253,SIN000085,Denuncia,True,True,2024-04-09,False,
DOC0000254,SIN000085,Factura,True,True,2024-04-10,False,
DOC0000255,SIN000085,Informe,True,True,2024-04-12,False,
DOC0000256,SIN000086,Denuncia,True,True,2025-09-15,False,
DOC0000257,SIN000086,Factura,True,True,2025-09-15,False,
DOC0000258,SIN000086,Informe,True,True,2025-09-17,False,
DOC0000259,SIN000087,Denuncia,True,True,2025-06-13,False,
DOC0000260,SIN000087,Factura,True,True,2025-06-09,False,
DOC0000261,SIN000087,Informe,True,True,2025-06-13,False,
DOC0000262,SIN000088,Denuncia,True,True,2025-04-16,False,
DOC0000263,SIN000088,Factura,True,True,2025-04-17,False,
DOC0000264,SIN000088,Informe,True,True,2025-04-21,False,
DOC0000265,SIN000089,Denuncia,True,True,2024-06-29,False,
DOC0000266,SIN000089,Factura,True,True,2024-06-29,False,
DOC0000267,SIN000089,Informe,True,True,2024-06-25,False,
DOC0000268,SIN000090,Denuncia,True,True,2024-02-10,False,
DOC0000269,SIN000090,Factura,True,True,2024-02-11,False,
DOC0000270,SIN000090,Informe,True,True,2024-02-11,False,
DOC0000271,SIN000091,Denuncia,True,True,2025-05-13,False,
DOC0000272,SIN000091,Factura,True,True,2025-05-11,False,
DOC0000273,SIN000091,Informe,True,True,2025-05-13,False,
DOC0000274,SIN000092,Denuncia,True,True,2025-04-01,False,
DOC0000275,SIN000092,Factura,True,True,2025-03-29,False,
DOC0000276,SIN000092,Informe,True,True,2025-04-02,False,
DOC0000277,SIN000093,Denuncia,True,True,2024-03-28,False,
DOC0000278,SIN000093,Factura,True,True,2024-03-30,False,
DOC0000279,SIN000093,Informe,True,True,2024-04-02,False,
DOC0000280,SIN000094,Denuncia,True,True,2024-08-19,False,
DOC0000281,SIN000094,Factura,True,True,2024-08-19,False,
DOC0000282,SIN000094,Informe,True,True,2024-08-16,False,
DOC0000283,SIN000095,Denuncia,True,True,2024-08-21,False,
DOC0000284,SIN000095,Factura,True,True,2024-08-23,False,
DOC0000285,SIN000095,Informe,True,True,2024-08-21,False,
DOC0000286,SIN000096,Denuncia,True,True,2024-10-04,False,
DOC0000287,SIN000096,Factura,True,True,2024-10-04,False,
DOC0000288,SIN000096,Informe,True,True,2024-10-06,False,
DOC0000289,SIN000097,Denuncia,True,True,2025-08-09,False,
DOC0000290,SIN000097,Factura,True,True,2025-08-08,False,
DOC0000291,SIN000097,Informe,True,True,2025-08-04,False,
DOC0000292,SIN000098,Denuncia,True,True,2025-01-23,False,
DOC0000293,SIN000098,Factura,True,True,2025-01-21,False,
DOC0000294,SIN000098,Informe,True,True,2025-01-19,False,
DOC0000295,SIN000099,Denuncia,True,True,2024-06-18,False,
DOC0000296,SIN000099,Factura,True,True,2024-06-17,False,
DOC0000297,SIN000099,Informe,True,True,2024-06-19,False,
DOC0000298,SIN000100,Denuncia,True,True,2025-07-30,False,
DOC0000299,SIN000100,Factura,True,True,2025-08-02,False,
DOC0000300,SIN000100,Informe,True,True,2025-07-31,False,
DOC0000301,SIN000101,Denuncia,True,True,2024-08-28,False,
DOC0000302,SIN000101,Factura,True,True,2024-08-31,False,
DOC0000303,SIN000101,Informe,True,True,2024-08-27,False,
DOC0000304,SIN000102,Denuncia,True,True,2024-07-23,False,
DOC0000305,SIN000102,Factura,True,True,2024-07-25,False,
DOC0000306,SIN000102,Informe,True,True,2024-07-27,False,
DOC0000307,SIN000103,Denuncia,True,True,2024-03-07,False,
DOC0000308,SIN000103,Factura,True,True,2024-03-09,False,
DOC0000309,SIN000103,Informe,True,True,2024-03-07,False,
DOC0000310,SIN000104,Denuncia,True,True,2024-07-18,False,
DOC0000311,SIN000104,Factura,True,True,2024-07-16,False,
DOC0000312,SIN000104,Informe,True,True,2024-07-20,False,
DOC0000313,SIN000105,Denuncia,True,True,2024-12-27,False,
DOC0000314,SIN000105,Factura,True,True,2024-12-30,False,
DOC0000315,SIN000105,Informe,True,True,2024-12-28,False,
DOC0000316,SIN000106,Denuncia,True,True,2025-03-27,False,
DOC0000317,SIN000106,Factura,True,True,2025-03-26,False,
DOC0000318,SIN000106,Informe,True,True,2025-03-28,False,
DOC0000319,SIN000107,Denuncia,True,True,2025-09-19,False,
DOC0000320,SIN000107,Factura,True,True,2025-09-17,False,
DOC0000321,SIN000107,Informe,True,True,2025-09-19,False,
DOC0000322,SIN000108,Denuncia,True,True,2024-08-20,False,
DOC0000323,SIN000108,Factura,True,True,2024-08-22,False,
DOC0000324,SIN000108,Informe,True,True,2024-08-21,False,
DOC0000325,SIN000109,Denuncia,True,True,2025-03-31,False,
DOC0000326,SIN000109,Factura,True,True,2025-03-30,False,
DOC0000327,SIN000109,Informe,True,True,2025-04-01,False,
DOC0000328,SIN000110,Denuncia,True,True,2025-03-12,False,
DOC0000329,SIN000110,Factura,True,True,2025-03-12,False,
DOC0000330,SIN000110,Informe,True,True,2025-03-17,False,
DOC0000331,SIN000111,Denuncia,True,True,2025-06-15,False,
DOC0000332,SIN000111,Factura,True,True,2025-06-15,False,
DOC0000333,SIN000111,Informe,True,True,2025-06-11,False,
DOC0000334,SIN000112,Denuncia,True,True,2025-03-23,False,
DOC0000335,SIN000112,Factura,True,True,2025-03-23,False,
DOC0000336,SIN000112,Informe,True,True,2025-03-28,False,
DOC0000337,SIN000113,Denuncia,True,True,2024-12-07,False,
DOC0000338,SIN000113,Factura,True,True,2024-12-05,False,
DOC0000339,SIN000113,Informe,True,True,2024-12-05,False,
DOC0000340,SIN000114,Denuncia,True,True,2024-09-26,False,
DOC0000341,SIN000114,Factura,True,True,2024-09-25,False,
DOC0000342,SIN000114,Informe,True,True,2024-09-25,False,
DOC0000343,SIN000115,Denuncia,True,True,2024-11-23,False,
DOC0000344,SIN000115,Factura,True,True,2024-11-25,False,
DOC0000345,SIN000115,Informe,True,True,2024-11-25,False,
DOC0000346,SIN000116,Denuncia,True,True,2024-07-22,False,
DOC0000347,SIN000116,Factura,True,True,2024-07-22,False,
DOC0000348,SIN000116,Informe,True,True,2024-07-21,False,
DOC0000349,SIN000117,Denuncia,True,True,2024-09-27,False,
DOC0000350,SIN000117,Factura,True,True,2024-09-25,False,
DOC0000351,SIN000117,Informe,True,True,2024-09-24,False,
DOC0000352,SIN000118,Denuncia,True,True,2025-02-12,False,
DOC0000353,SIN000118,Factura,True,True,2025-02-13,False,
DOC0000354,SIN000118,Informe,True,True,2025-02-11,False,
DOC0000355,SIN000119,Denuncia,True,True,2025-01-20,False,
DOC0000356,SIN000119,Factura,True,True,2025-01-22,False,
DOC0000357,SIN000119,Informe,True,True,2025-01-24,False,
DOC0000358,SIN000120,Denuncia,True,True,2024-11-07,False,
DOC0000359,SIN000120,Factura,True,True,2024-11-09,False,
DOC0000360,SIN000120,Informe,True,True,2024-11-05,False,
DOC0000361,SIN000121,Denuncia,True,True,2025-02-23,False,
DOC0000362,SIN000121,Factura,True,True,2025-02-19,False,
DOC0000363,SIN000121,Informe,True,True,2025-02-24,False,
DOC0000364,SIN000122,Denuncia,True,True,2025-05-02,False,
DOC0000365,SIN000122,Factura,True,True,2025-04-29,False,
DOC0000366,SIN000122,Informe,True,True,2025-05-01,False,
DOC0000367,SIN000123,Denuncia,True,True,2024-12-28,False,
DOC0000368,SIN000123,Factura,True,True,2024-12-28,False,
DOC0000369,SIN000123,Informe,True,True,2024-12-30,False,
DOC0000370,SIN000124,Denuncia,True,True,2024-12-23,False,
DOC0000371,SIN000124,Factura,True,True,2024-12-23,False,
DOC0000372,SIN000124,Informe,True,True,2024-12-25,False,
DOC0000373,SIN000125,Denuncia,True,True,2025-02-09,False,
DOC0000374,SIN000125,Factura,True,True,2025-02-13,False,
DOC0000375,SIN000125,Informe,True,True,2025-02-13,False,
DOC0000376,SIN000126,Denuncia,True,True,2025-04-14,False,
DOC0000377,SIN000126,Factura,True,True,2025-04-14,False,
DOC0000378,SIN000126,Informe,True,True,2025-04-16,False,
DOC0000379,SIN000127,Denuncia,True,True,2025-04-13,False,
DOC0000380,SIN000127,Factura,True,True,2025-04-12,False,
DOC0000381,SIN000127,Informe,True,True,2025-04-17,False,
DOC0000382,SIN000128,Denuncia,True,True,2024-12-17,False,
DOC0000383,SIN000128,Factura,True,True,2024-12-20,False,
DOC0000384,SIN000128,Informe,True,True,2024-12-19,False,
DOC0000385,SIN000129,Denuncia,True,True,2025-02-25,False,
DOC0000386,SIN000129,Factura,True,True,2025-02-28,False,
DOC0000387,SIN000129,Informe,True,True,2025-02-28,False,
DOC0000388,SIN000130,Denuncia,True,True,2025-01-03,False,
DOC0000389,SIN000130,Factura,True,True,2024-12-31,False,
DOC0000390,SIN000130,Informe,True,True,2025-01-02,False,
DOC0000391,SIN000131,Denuncia,True,True,2024-10-20,False,
DOC0000392,SIN000131,Factura,True,True,2024-10-22,False,
DOC0000393,SIN000131,Informe,True,True,2024-10-21,False,
DOC0000394,SIN000132,Denuncia,True,True,2025-05-02,False,
DOC0000395,SIN000132,Factura,True,True,2025-05-04,False,
DOC0000396,SIN000132,Informe,True,True,2025-05-01,False,
DOC0000397,SIN000133,Denuncia,True,True,2024-04-22,False,
DOC0000398,SIN000133,Factura,True,True,2024-04-25,False,
DOC0000399,SIN000133,Informe,True,True,2024-04-22,False,
DOC0000400,SIN000134,Denuncia,True,True,2025-02-04,False,
DOC0000401,SIN000134,Factura,True,True,2025-02-07,False,
DOC0000402,SIN000134,Informe,True,True,2025-02-09,False,
DOC0000403,SIN000135,Denuncia,True,True,2025-05-07,False,
DOC0000404,SIN000135,Factura,True,True,2025-05-10,False,
DOC0000405,SIN000135,Informe,True,True,2025-05-08,False,
DOC0000406,SIN000136,Denuncia,True,True,2024-12-25,False,
DOC0000407,SIN000136,Factura,True,True,2024-12-27,False,
DOC0000408,SIN000136,Informe,True,True,2024-12-26,False,
DOC0000409,SIN000137,Denuncia,True,True,2025-08-16,False,
DOC0000410,SIN000137,Factura,True,True,2025-08-17,False,
DOC0000411,SIN000137,Informe,True,True,2025-08-13,False,
DOC0000412,SIN000138,Denuncia,True,True,2024-09-25,False,
DOC0000413,SIN000138,Factura,True,True,2024-09-24,False,
DOC0000414,SIN000138,Informe,True,True,2024-09-25,False,
DOC0000415,SIN000139,Denuncia,True,True,2024-10-23,False,
DOC0000416,SIN000139,Factura,True,True,2024-10-26,False,
DOC0000417,SIN000139,Informe,True,True,2024-10-26,False,
DOC0000418,SIN000140,Denuncia,True,True,2024-08-06,False,
DOC0000419,SIN000140,Factura,True,True,2024-08-09,False,
DOC0000420,SIN000140,Informe,True,True,2024-08-09,False,
DOC0000421,SIN000141,Denuncia,True,True,2024-09-21,False,
DOC0000422,SIN000141,Factura,True,True,2024-09-25,False,
DOC0000423,SIN000141,Informe,True,True,2024-09-24,False,
DOC0000424,SIN000142,Denuncia,True,True,2025-05-05,False,
DOC0000425,SIN000142,Factura,True,True,2025-05-04,False,
DOC0000426,SIN000142,Informe,True,True,2025-05-02,False,
DOC0000427,SIN000143,Denuncia,True,True,2024-11-25,False,
DOC0000428,SIN000143,Factura,True,True,2024-11-23,False,
DOC0000429,SIN000143,Informe,True,True,2024-11-25,False,
DOC0000430,SIN000144,Denuncia,True,True,2024-10-07,False,
DOC0000431,SIN000144,Factura,True,True,2024-10-05,False,
DOC0000432,SIN000144,Informe,True,True,2024-10-08,False,
DOC0000433,SIN000145,Denuncia,True,True,2024-12-20,False,
DOC0000434,SIN000145,Factura,True,True,2024-12-19,False,
DOC0000435,SIN000145,Informe,True,True,2024-12-18,False,
DOC0000436,SIN000146,Denuncia,True,True,2024-06-12,False,
DOC0000437,SIN000146,Factura,True,True,2024-06-12,False,
DOC0000438,SIN000146,Informe,True,True,2024-06-10,False,
DOC0000439,SIN000147,Denuncia,True,True,2024-11-24,False,
DOC0000440,SIN000147,Factura,True,True,2024-11-23,False,
DOC0000441,SIN000147,Informe,True,True,2024-11-22,False,
DOC0000442,SIN000148,Denuncia,True,True,2025-03-21,False,
DOC0000443,SIN000148,Factura,True,True,2025-03-21,False,
DOC0000444,SIN000148,Informe,True,True,2025-03-20,False,
DOC0000445,SIN000149,Denuncia,True,True,2024-05-16,False,
DOC0000446,SIN000149,Factura,True,True,2024-05-20,False,
DOC0000447,SIN000149,Informe,True,True,2024-05-17,False,
DOC0000448,SIN000150,Denuncia,True,True,2025-01-24,False,
DOC0000449,SIN000150,Factura,True,True,2025-01-26,False,
DOC0000450,SIN000150,Informe,True,True,2025-01-25,False,
DOC0000451,SIN000151,Denuncia,True,True,2024-12-26,False,
DOC0000452,SIN000151,Factura,True,True,2024-12-26,False,
DOC0000453,SIN000151,Informe,True,True,2024-12-26,False,
DOC0000454,SIN000152,Denuncia,True,True,2024-03-18,False,
DOC0000455,SIN000152,Factura,True,True,2024-03-15,False,
DOC0000456,SIN000152,Informe,True,True,2024-03-15,False,
DOC0000457,SIN000153,Denuncia,True,True,2025-06-25,False,
DOC0000458,SIN000153,Factura,True,True,2025-06-25,False,
DOC0000459,SIN000153,Informe,True,True,2025-06-25,False,
DOC0000460,SIN000154,Denuncia,True,True,2024-09-18,False,
DOC0000461,SIN000154,Factura,True,True,2024-09-15,False,
DOC0000462,SIN000154,Informe,True,True,2024-09-13,False,
DOC0000463,SIN000155,Denuncia,True,True,2024-08-15,False,
DOC0000464,SIN000155,Factura,True,True,2024-08-15,False,
DOC0000465,SIN000155,Informe,True,True,2024-08-12,False,
DOC0000466,SIN000156,Denuncia,True,True,2024-11-27,False,
DOC0000467,SIN000156,Factura,True,True,2024-11-26,False,
DOC0000468,SIN000156,Informe,True,True,2024-11-26,False,
DOC0000469,SIN000157,Denuncia,True,True,2024-02-29,False,
DOC0000470,SIN000157,Factura,True,True,2024-02-29,False,
DOC0000471,SIN000157,Informe,True,True,2024-03-02,False,
DOC0000472,SIN000158,Denuncia,True,True,2025-09-03,False,
DOC0000473,SIN000158,Factura,True,True,2025-09-02,False,
DOC0000474,SIN000158,Informe,True,True,2025-09-02,False,
DOC0000475,SIN000159,Denuncia,True,True,2025-06-30,False,
DOC0000476,SIN000159,Factura,True,True,2025-06-27,False,
DOC0000477,SIN000159,Informe,True,True,2025-06-27,False,
DOC0000478,SIN000160,Denuncia,True,True,2025-01-27,False,
DOC0000479,SIN000160,Factura,True,True,2025-01-27,False,
DOC0000480,SIN000160,Informe,True,True,2025-01-28,False,
DOC0000481,SIN000161,Denuncia,True,True,2024-10-02,False,
DOC0000482,SIN000161,Factura,True,True,2024-10-02,False,
DOC0000483,SIN000161,Informe,True,True,2024-10-02,False,
DOC0000484,SIN000162,Denuncia,True,True,2025-10-14,False,
DOC0000485,SIN000162,Factura,True,True,2025-10-17,False,
DOC0000486,SIN000162,Informe,True,True,2025-10-18,False,
DOC0000487,SIN000163,Denuncia,True,True,2024-05-19,False,
DOC0000488,SIN000163,Factura,True,True,2024-05-14,False,
DOC0000489,SIN000163,Informe,True,True,2024-05-19,False,
DOC0000490,SIN000164,Denuncia,True,True,2024-08-02,False,
DOC0000491,SIN000164,Factura,True,True,2024-08-03,False,
DOC0000492,SIN000164,Informe,True,True,2024-08-05,False,
DOC0000493,SIN000165,Denuncia,True,True,2024-08-25,False,
DOC0000494,SIN000165,Factura,True,True,2024-08-25,False,
DOC0000495,SIN000165,Informe,True,True,2024-08-24,False,
DOC0000496,SIN000166,Denuncia,True,True,2025-04-14,False,
DOC0000497,SIN000166,Factura,True,True,2025-04-12,False,
DOC0000498,SIN000166,Informe,True,True,2025-04-16,False,
DOC0000499,SIN000167,Denuncia,True,True,2024-07-18,False,
DOC0000500,SIN000167,Factura,True,True,2024-07-19,False,
DOC0000501,SIN000167,Informe,True,True,2024-07-16,False,
DOC0000502,SIN000168,Denuncia,True,True,2024-11-13,False,
DOC0000503,SIN000168,Factura,True,True,2024-11-13,False,
DOC0000504,SIN000168,Informe,True,True,2024-11-16,False,
DOC0000505,SIN000169,Denuncia,True,True,2024-08-20,False,
DOC0000506,SIN000169,Factura,True,True,2024-08-19,False,
DOC0000507,SIN000169,Informe,True,True,2024-08-23,False,
DOC0000508,SIN000170,Denuncia,True,True,2024-06-14,False,
DOC0000509,SIN000170,Factura,True,True,2024-06-14,False,
DOC0000510,SIN000170,Informe,True,True,2024-06-19,False,
DOC0000511,SIN000171,Denuncia,True,True,2024-11-06,False,
DOC0000512,SIN000171,Factura,True,True,2024-11-06,False,
DOC0000513,SIN000171,Informe,True,True,2024-11-02,False,
DOC0000514,SIN000172,Denuncia,True,True,2024-11-10,False,
DOC0000515,SIN000172,Factura,True,True,2024-11-07,False,
DOC0000516,SIN000172,Informe,True,True,2024-11-10,False,
DOC0000517,SIN000173,Denuncia,True,True,2025-06-16,False,
DOC0000518,SIN000173,Factura,True,True,2025-06-15,False,
DOC0000519,SIN000173,Informe,True,True,2025-06-18,False,
DOC0000520,SIN000174,Denuncia,True,True,2025-07-27,False,
DOC0000521,SIN000174,Factura,True,True,2025-07-30,False,
DOC0000522,SIN000174,Informe,True,True,2025-07-26,False,
DOC0000523,SIN000175,Denuncia,True,True,2025-01-26,False,
DOC0000524,SIN000175,Factura,True,True,2025-01-23,False,
DOC0000525,SIN000175,Informe,True,True,2025-01-24,False,
DOC0000526,SIN000176,Denuncia,True,True,2025-07-13,False,
DOC0000527,SIN000176,Factura,True,True,2025-07-09,False,
DOC0000528,SIN000176,Informe,True,True,2025-07-11,False,
DOC0000529,SIN000177,Denuncia,True,True,2025-06-23,False,
DOC0000530,SIN000177,Factura,True,True,2025-06-25,False,
DOC0000531,SIN000177,Informe,True,True,2025-06-25,False,
DOC0000532,SIN000178,Denuncia,True,True,2025-09-26,False,
DOC0000533,SIN000178,Factura,True,True,2025-09-25,False,
DOC0000534,SIN000178,Informe,True,True,2025-09-26,False,
DOC0000535,SIN000179,Denuncia,True,True,2024-06-13,False,
DOC0000536,SIN000179,Factura,True,True,2024-06-12,False,
DOC0000537,SIN000179,Informe,True,True,2024-06-13,False,
DOC0000538,SIN000180,Denuncia,True,True,2024-08-16,False,
DOC0000539,SIN000180,Factura,True,True,2024-08-18,False,
DOC0000540,SIN000180,Informe,True,True,2024-08-19,False,
DOC0000541,SIN000181,Denuncia,True,True,2024-05-12,False,
DOC0000542,SIN000181,Factura,True,True,2024-05-09,False,
DOC0000543,SIN000181,Informe,True,True,2024-05-09,False,
DOC0000544,SIN000182,Denuncia,True,True,2024-10-30,False,
DOC0000545,SIN000182,Factura,True,True,2024-10-29,False,
DOC0000546,SIN000182,Informe,True,True,2024-11-03,False,
DOC0000547,SIN000183,Denuncia,True,True,2025-04-18,False,
DOC0000548,SIN000183,Factura,True,True,2025-04-18,False,
DOC0000549,SIN000183,Informe,True,True,2025-04-21,False,
DOC0000550,SIN000184,Denuncia,True,True,2024-12-29,False,
DOC0000551,SIN000184,Factura,True,True,2024-12-27,False,
DOC0000552,SIN000184,Informe,True,True,2024-12-30,False,
DOC0000553,SIN000185,Denuncia,True,True,2025-09-15,False,
DOC0000554,SIN000185,Factura,True,True,2025-09-19,False,
DOC0000555,SIN000185,Informe,True,True,2025-09-15,False,
DOC0000556,SIN000186,Denuncia,True,True,2024-12-29,False,
DOC0000557,SIN000186,Factura,True,True,2024-12-31,False,
DOC0000558,SIN000186,Informe,True,True,2024-12-28,False,
DOC0000559,SIN000187,Denuncia,True,True,2024-09-18,False,
DOC0000560,SIN000187,Factura,True,True,2024-09-16,False,
DOC0000561,SIN000187,Informe,True,True,2024-09-17,False,
DOC0000562,SIN000188,Denuncia,True,True,2024-12-09,False,
DOC0000563,SIN000188,Factura,True,True,2024-12-10,False,
DOC0000564,SIN000188,Informe,True,True,2024-12-06,False,
DOC0000565,SIN000189,Denuncia,True,True,2024-03-26,False,
DOC0000566,SIN000189,Factura,True,True,2024-03-28,False,
DOC0000567,SIN000189,Informe,True,True,2024-03-26,False,
DOC0000568,SIN000190,Denuncia,True,True,2024-10-04,False,
DOC0000569,SIN000190,Factura,True,True,2024-10-05,False,
DOC0000570,SIN000190,Informe,True,True,2024-10-06,False,
DOC0000571,SIN000191,Denuncia,True,True,2025-06-22,False,
DOC0000572,SIN000191,Factura,True,True,2025-06-22,False,
DOC0000573,SIN000191,Informe,True,True,2025-06-21,False,
DOC0000574,SIN000192,Denuncia,True,True,2024-07-22,False,
DOC0000575,SIN000192,Factura,True,True,2024-07-21,False,
DOC0000576,SIN000192,Informe,True,True,2024-07-22,False,
DOC0000577,SIN000193,Denuncia,True,True,2025-02-18,False,
DOC0000578,SIN000193,Factura,True,True,2025-02-15,False,
DOC0000579,SIN000193,Informe,True,True,2025-02-18,False,
DOC0000580,SIN000194,Denuncia,True,True,2024-08-24,False,
DOC0000581,SIN000194,Factura,True,True,2024-08-25,False,
DOC0000582,SIN000194,Informe,True,True,2024-08-26,False,
DOC0000583,SIN000195,Denuncia,True,True,2025-09-21,False,
DOC0000584,SIN000195,Factura,True,True,2025-09-20,False,
DOC0000585,SIN000195,Informe,True,True,2025-09-17,False,
DOC0000586,SIN000196,Denuncia,True,True,2025-02-13,False,
DOC0000587,SIN000196,Factura,True,True,2025-02-16,False,
DOC0000588,SIN000196,Informe,True,True,2025-02-16,False,
DOC0000589,SIN000197,Denuncia,True,True,2024-08-01,False,
DOC0000590,SIN000197,Factura,True,True,2024-08-02,False,
DOC0000591,SIN000197,Informe,True,True,2024-08-01,False,
DOC0000592,SIN000198,Denuncia,True,True,2024-07-31,False,
DOC0000593,SIN000198,Factura,True,True,2024-07-31,False,
DOC0000594,SIN000198,Informe,True,True,2024-08-02,False,
DOC0000595,SIN000199,Denuncia,True,True,2025-04-26,False,
DOC0000596,SIN000199,Factura,True,True,2025-04-28,False,
DOC0000597,SIN000199,Informe,True,True,2025-04-25,False,
DOC0000598,SIN000200,Denuncia,True,True,2025-05-11,False,
DOC0000599,SIN000200,Factura,True,True,2025-05-12,False,
DOC0000600,SIN000200,Informe,True,True,2025-05-10,False,
DOC0000601,SIN000201,Denuncia,True,True,2025-07-27,False,
DOC0000602,SIN000201,Factura,True,True,2025-07-25,False,
DOC0000603,SIN000201,Informe,True,True,2025-07-23,False,
DOC0000604,SIN000202,Denuncia,True,True,2024-09-16,False,
DOC0000605,SIN000202,Factura,True,True,2024-09-15,False,
DOC0000606,SIN000202,Informe,True,True,2024-09-14,False,
DOC0000607,SIN000203,Denuncia,True,True,2024-05-23,False,
DOC0000608,SIN000203,Factura,True,True,2024-05-27,False,
DOC0000609,SIN000203,Informe,True,True,2024-05-23,False,
DOC0000610,SIN000204,Denuncia,True,True,2025-01-02,False,
DOC0000611,SIN000204,Factura,True,True,2025-01-05,False,
DOC0000612,SIN000204,Informe,True,True,2025-01-02,False,
DOC0000613,SIN000205,Denuncia,True,True,2024-12-03,False,
DOC0000614,SIN000205,Factura,True,True,2024-12-02,False,
DOC0000615,SIN000205,Informe,True,True,2024-12-07,False,
DOC0000616,SIN000206,Denuncia,True,True,2025-01-06,False,
DOC0000617,SIN000206,Factura,True,True,2025-01-06,False,
DOC0000618,SIN000206,Informe,True,True,2025-01-03,False,
DOC0000619,SIN000207,Denuncia,True,True,2024-05-06,False,
DOC0000620,SIN000207,Factura,True,True,2024-05-05,False,
DOC0000621,SIN000207,Informe,True,True,2024-05-07,False,
DOC0000622,SIN000208,Denuncia,True,True,2024-07-23,False,
DOC0000623,SIN000208,Factura,True,True,2024-07-24,False,
DOC0000624,SIN000208,Informe,True,True,2024-07-24,False,
DOC0000625,SIN000209,Denuncia,True,True,2025-01-08,False,
DOC0000626,SIN000209,Factura,True,True,2025-01-06,False,
DOC0000627,SIN000209,Informe,True,True,2025-01-07,False,
DOC0000628,SIN000210,Denuncia,True,True,2025-01-28,False,
DOC0000629,SIN000210,Factura,True,True,2025-01-27,False,
DOC0000630,SIN000210,Informe,True,True,2025-01-31,False,
DOC0000631,SIN000211,Denuncia,True,True,2024-11-09,False,
DOC0000632,SIN000211,Factura,True,True,2024-11-07,False,
DOC0000633,SIN000211,Informe,True,True,2024-11-07,False,
DOC0000634,SIN000212,Denuncia,True,True,2025-05-08,False,
DOC0000635,SIN000212,Factura,True,True,2025-05-06,False,
DOC0000636,SIN000212,Informe,True,True,2025-05-08,False,
DOC0000637,SIN000213,Denuncia,True,True,2024-06-08,False,
DOC0000638,SIN000213,Factura,True,True,2024-06-10,False,
DOC0000639,SIN000213,Informe,True,True,2024-06-12,False,
DOC0000640,SIN000214,Denuncia,True,True,2024-03-29,False,
DOC0000641,SIN000214,Factura,True,True,2024-03-27,False,
DOC0000642,SIN000214,Informe,True,True,2024-03-26,False,
DOC0000643,SIN000215,Denuncia,True,True,2025-09-26,False,
DOC0000644,SIN000215,Factura,True,True,2025-09-25,False,
DOC0000645,SIN000215,Informe,True,True,2025-09-24,False,
DOC0000646,SIN000216,Denuncia,True,True,2025-05-13,False,
DOC0000647,SIN000216,Factura,True,True,2025-05-10,False,
DOC0000648,SIN000216,Informe,True,True,2025-05-08,False,
DOC0000649,SIN000217,Denuncia,True,True,2024-12-27,False,
DOC0000650,SIN000217,Factura,True,True,2024-12-27,False,
DOC0000651,SIN000217,Informe,True,True,2024-12-28,False,
DOC0000652,SIN000218,Denuncia,True,True,2025-10-17,False,
DOC0000653,SIN000218,Factura,True,True,2025-10-13,False,
DOC0000654,SIN000218,Informe,True,True,2025-10-18,False,
DOC0000655,SIN000219,Denuncia,True,True,2025-04-26,False,
DOC0000656,SIN000219,Factura,True,True,2025-04-22,False,
DOC0000657,SIN000219,Informe,True,True,2025-04-26,False,
DOC0000658,SIN000220,Denuncia,True,True,2025-03-08,False,
DOC0000659,SIN000220,Factura,True,True,2025-03-06,False,
DOC0000660,SIN000220,Informe,True,True,2025-03-09,False,
DOC0000661,SIN000221,Denuncia,True,True,2024-07-21,False,
DOC0000662,SIN000221,Factura,True,True,2024-07-22,False,
DOC0000663,SIN000221,Informe,True,True,2024-07-20,False,
DOC0000664,SIN000222,Denuncia,True,True,2025-07-28,False,
DOC0000665,SIN000222,Factura,True,True,2025-07-26,False,
DOC0000666,SIN000222,Informe,True,True,2025-07-26,False,
DOC0000667,SIN000223,Denuncia,True,True,2025-02-18,False,
DOC0000668,SIN000223,Factura,True,True,2025-02-21,False,
DOC0000669,SIN000223,Informe,True,True,2025-02-20,False,
DOC0000670,SIN000224,Denuncia,True,True,2025-03-31,False,
DOC0000671,SIN000224,Factura,True,True,2025-03-28,False,
DOC0000672,SIN000224,Informe,True,True,2025-03-28,False,
DOC0000673,SIN000225,Denuncia,True,True,2025-01-31,False,
DOC0000674,SIN000225,Factura,True,True,2025-01-31,False,
DOC0000675,SIN000225,Informe,True,True,2025-01-31,False,
DOC0000676,SIN000226,Denuncia,True,True,2025-02-11,False,
DOC0000677,SIN000226,Factura,True,True,2025-02-12,False,
DOC0000678,SIN000226,Informe,True,True,2025-02-14,False,
DOC0000679,SIN000227,Denuncia,True,True,2024-06-04,False,
DOC0000680,SIN000227,Factura,True,True,2024-06-03,False,
DOC0000681,SIN000227,Informe,True,True,2024-06-01,False,
DOC0000682,SIN000228,Denuncia,True,True,2024-12-07,False,
DOC0000683,SIN000228,Factura,True,True,2024-12-05,False,
DOC0000684,SIN000228,Informe,True,True,2024-12-06,False,
DOC0000685,SIN000229,Denuncia,True,True,2025-04-02,False,
DOC0000686,SIN000229,Factura,True,True,2025-04-04,False,
DOC0000687,SIN000229,Informe,True,True,2025-03-31,False,
DOC0000688,SIN000230,Denuncia,True,True,2025-04-07,False,
DOC0000689,SIN000230,Factura,True,True,2025-04-11,False,
DOC0000690,SIN000230,Informe,True,True,2025-04-07,False,
DOC0000691,SIN000231,Denuncia,True,True,2024-12-20,False,
DOC0000692,SIN000231,Factura,True,True,2024-12-22,False,
DOC0000693,SIN000231,Informe,True,True,2024-12-22,False,
DOC0000694,SIN000232,Denuncia,True,True,2025-07-25,False,
DOC0000695,SIN000232,Factura,True,True,2025-07-20,False,
DOC0000696,SIN000232,Informe,True,True,2025-07-25,False,
DOC0000697,SIN000233,Denuncia,True,True,2025-02-20,False,
DOC0000698,SIN000233,Factura,True,True,2025-02-22,False,
DOC0000699,SIN000233,Informe,True,True,2025-02-20,False,
DOC0000700,SIN000234,Denuncia,True,True,2024-04-26,False,
DOC0000701,SIN000234,Factura,True,True,2024-04-26,False,
DOC0000702,SIN000234,Informe,True,True,2024-04-30,False,
DOC0000703,SIN000235,Denuncia,True,True,2024-10-17,False,
DOC0000704,SIN000235,Factura,True,True,2024-10-20,False,
DOC0000705,SIN000235,Informe,True,True,2024-10-15,False,
DOC0000706,SIN000236,Denuncia,True,True,2025-03-21,False,
DOC0000707,SIN000236,Factura,True,True,2025-03-19,False,
DOC0000708,SIN000236,Informe,True,True,2025-03-18,False,
DOC0000709,SIN000237,Denuncia,True,True,2024-10-09,False,
DOC0000710,SIN000237,Factura,True,True,2024-10-12,False,
DOC0000711,SIN000237,Informe,True,True,2024-10-13,False,
DOC0000712,SIN000238,Denuncia,True,True,2025-05-09,False,
DOC0000713,SIN000238,Factura,True,True,2025-05-12,False,
DOC0000714,SIN000238,Informe,True,True,2025-05-11,False,
DOC0000715,SIN000239,Denuncia,True,True,2024-08-10,False,
DOC0000716,SIN000239,Factura,True,True,2024-08-07,False,
DOC0000717,SIN000239,Informe,True,True,2024-08-08,False,
DOC0000718,SIN000240,Denuncia,True,True,2025-04-30,False,
DOC0000719,SIN000240,Factura,True,True,2025-04-25,False,
DOC0000720,SIN000240,Informe,True,True,2025-04-28,False,
DOC0000721,SIN000241,Denuncia,True,True,2024-07-07,False,
DOC0000722,SIN000241,Factura,True,True,2024-07-03,False,
DOC0000723,SIN000241,Informe,True,True,2024-07-06,False,
DOC0000724,SIN000242,Denuncia,True,True,2025-03-27,False,
DOC0000725,SIN000242,Factura,True,True,2025-03-26,False,
DOC0000726,SIN000242,Informe,True,True,2025-03-23,False,
DOC0000727,SIN000243,Denuncia,True,True,2024-11-27,False,
DOC0000728,SIN000243,Factura,True,True,2024-11-27,False,
DOC0000729,SIN000243,Informe,True,True,2024-11-24,False,
DOC0000730,SIN000244,Denuncia,True,True,2025-08-24,False,
DOC0000731,SIN000244,Factura,True,True,2025-08-22,False,
DOC0000732,SIN000244,Informe,True,True,2025-08-25,False,
DOC0000733,SIN000245,Denuncia,True,True,2024-02-17,False,
DOC0000734,SIN000245,Factura,True,True,2024-02-17,False,
DOC0000735,SIN000245,Informe,True,True,2024-02-17,False,
DOC0000736,SIN000246,Denuncia,True,True,2024-11-05,False,
DOC0000737,SIN000246,Factura,True,True,2024-11-04,False,
DOC0000738,SIN000246,Informe,True,True,2024-11-04,False,
DOC0000739,SIN000247,Denuncia,True,True,2024-04-29,False,
DOC0000740,SIN000247,Factura,True,True,2024-05-01,False,
DOC0000741,SIN000247,Informe,True,True,2024-04-28,False,
DOC0000742,SIN000248,Denuncia,True,True,2024-08-30,False,
DOC0000743,SIN000248,Factura,True,True,2024-09-02,False,
DOC0000744,SIN000248,Informe,True,True,2024-08-31,False,
DOC0000745,SIN000249,Denuncia,True,True,2025-04-28,False,
DOC0000746,SIN000249,Factura,True,True,2025-04-26,False,
DOC0000747,SIN000249,Informe,True,True,2025-04-26,False,
DOC0000748,SIN000250,Denuncia,True,True,2025-04-18,False,
DOC0000749,SIN000250,Factura,True,True,2025-04-16,False,
DOC0000750,SIN000250,Informe,True,True,2025-04-21,False,
DOC0000751,SIN000251,Denuncia,True,True,2025-05-01,False,
DOC0000752,SIN000251,Factura,True,True,2025-05-02,False,
DOC0000753,SIN000251,Informe,True,True,2025-05-04,False,
DOC0000754,SIN000252,Denuncia,True,True,2024-12-26,False,
DOC0000755,SIN000252,Factura,True,True,2024-12-24,False,
DOC0000756,SIN000252,Informe,True,True,2024-12-28,False,
DOC0000757,SIN000253,Denuncia,True,True,2025-01-18,False,
DOC0000758,SIN000253,Factura,True,True,2025-01-17,False,
DOC0000759,SIN000253,Informe,True,True,2025-01-20,False,
DOC0000760,SIN000254,Denuncia,True,True,2025-04-01,False,
DOC0000761,SIN000254,Factura,True,True,2025-04-01,False,
DOC0000762,SIN000254,Informe,True,True,2025-04-01,False,
DOC0000763,SIN000255,Denuncia,True,True,2025-06-03,False,
DOC0000764,SIN000255,Factura,True,True,2025-06-02,False,
DOC0000765,SIN000255,Informe,True,True,2025-06-02,False,
DOC0000766,SIN000256,Denuncia,True,True,2025-07-07,False,
DOC0000767,SIN000256,Factura,True,True,2025-07-05,False,
DOC0000768,SIN000256,Informe,True,True,2025-07-03,False,
DOC0000769,SIN000257,Denuncia,True,True,2024-10-06,False,
DOC0000770,SIN000257,Factura,True,True,2024-10-08,False,
DOC0000771,SIN000257,Informe,True,True,2024-10-09,False,
DOC0000772,SIN000258,Denuncia,True,True,2025-09-13,False,
DOC0000773,SIN000258,Factura,True,True,2025-09-10,False,
DOC0000774,SIN000258,Informe,True,True,2025-09-11,False,
DOC0000775,SIN000259,Denuncia,True,True,2024-12-05,False,
DOC0000776,SIN000259,Factura,True,True,2024-12-04,False,
DOC0000777,SIN000259,Informe,True,True,2024-12-03,False,
DOC0000778,SIN000260,Denuncia,True,True,2024-12-14,False,
DOC0000779,SIN000260,Factura,True,True,2024-12-11,False,
DOC0000780,SIN000260,Informe,True,True,2024-12-14,False,
DOC0000781,SIN000261,Denuncia,True,True,2024-07-19,False,
DOC0000782,SIN000261,Factura,True,True,2024-07-20,False,
DOC0000783,SIN000261,Informe,True,True,2024-07-21,False,
DOC0000784,SIN000262,Denuncia,True,True,2024-11-02,False,
DOC0000785,SIN000262,Factura,True,True,2024-11-05,False,
DOC0000786,SIN000262,Informe,True,True,2024-11-07,False,
DOC0000787,SIN000263,Denuncia,True,True,2025-09-10,False,
DOC0000788,SIN000263,Factura,True,True,2025-09-10,False,
DOC0000789,SIN000263,Informe,True,True,2025-09-10,False,
DOC0000790,SIN000264,Denuncia,True,True,2024-03-09,False,
DOC0000791,SIN000264,Factura,True,True,2024-03-12,False,
DOC0000792,SIN000264,Informe,True,True,2024-03-13,False,
DOC0000793,SIN000265,Denuncia,True,True,2025-07-23,False,
DOC0000794,SIN000265,Factura,True,True,2025-07-23,False,
DOC0000795,SIN000265,Informe,True,True,2025-07-20,False,
DOC0000796,SIN000266,Denuncia,True,True,2024-12-30,False,
DOC0000797,SIN000266,Factura,True,True,2025-01-03,False,
DOC0000798,SIN000266,Informe,True,True,2025-01-01,False,
DOC0000799,SIN000267,Denuncia,True,True,2025-07-20,False,
DOC0000800,SIN000267,Factura,True,True,2025-07-16,False,
DOC0000801,SIN000267,Informe,True,True,2025-07-18,False,
DOC0000802,SIN000268,Denuncia,True,True,2025-08-30,False,
DOC0000803,SIN000268,Factura,True,True,2025-08-30,False,
DOC0000804,SIN000268,Informe,True,True,2025-09-02,False,
DOC0000805,SIN000269,Denuncia,True,True,2024-12-21,False,
DOC0000806,SIN000269,Factura,True,True,2024-12-21,False,
DOC0000807,SIN000269,Informe,True,True,2024-12-20,False,
DOC0000808,SIN000270,Denuncia,True,True,2025-10-22,False,
DOC0000809,SIN000270,Factura,True,True,2025-10-22,False,
DOC0000810,SIN000270,Informe,True,True,2025-10-25,False,
DOC0000811,SIN000271,Denuncia,True,True,2024-06-29,False,
DOC0000812,SIN000271,Factura,True,True,2024-06-29,False,
DOC0000813,SIN000271,Informe,True,True,2024-07-01,False,
DOC0000814,SIN000272,Denuncia,True,True,2025-01-11,False,
DOC0000815,SIN000272,Factura,True,True,2025-01-12,False,
DOC0000816,SIN000272,Informe,True,True,2025-01-11,False,
DOC0000817,SIN000273,Denuncia,True,True,2025-03-23,False,
DOC0000818,SIN000273,Factura,True,True,2025-03-28,False,
DOC0000819,SIN000273,Informe,True,True,2025-03-28,False,
DOC0000820,SIN000274,Denuncia,True,True,2025-01-26,False,
DOC0000821,SIN000274,Factura,True,True,2025-01-24,False,
DOC0000822,SIN000274,Informe,True,True,2025-01-25,False,
DOC0000823,SIN000275,Denuncia,True,True,2025-03-31,False,
DOC0000824,SIN000275,Factura,True,True,2025-03-28,False,
DOC0000825,SIN000275,Informe,True,True,2025-03-26,False,
DOC0000826,SIN000276,Denuncia,True,True,2025-04-06,False,
DOC0000827,SIN000276,Factura,True,True,2025-04-03,False,
DOC0000828,SIN000276,Informe,True,True,2025-04-02,False,
DOC0000829,SIN000277,Denuncia,True,True,2024-12-26,False,
DOC0000830,SIN000277,Factura,True,True,2024-12-25,False,
DOC0000831,SIN000277,Informe,True,True,2024-12-26,False,
DOC0000832,SIN000278,Denuncia,True,True,2024-12-28,False,
DOC0000833,SIN000278,Factura,True,True,2024-12-30,False,
DOC0000834,SIN000278,Informe,True,True,2024-12-27,False,
DOC0000835,SIN000279,Denuncia,True,True,2024-07-07,False,
DOC0000836,SIN000279,Factura,True,True,2024-07-09,False,
DOC0000837,SIN000279,Informe,True,True,2024-07-08,False,
DOC0000838,SIN000280,Denuncia,True,True,2025-04-14,False,
DOC0000839,SIN000280,Factura,True,True,2025-04-14,False,
DOC0000840,SIN000280,Informe,True,True,2025-04-14,False,
DOC0000841,SIN000281,Denuncia,True,True,2024-12-02,False,
DOC0000842,SIN000281,Factura,True,True,2024-12-06,False,
DOC0000843,SIN000281,Informe,True,True,2024-12-07,False,
DOC0000844,SIN000282,Denuncia,True,True,2024-05-20,False,
DOC0000845,SIN000282,Factura,True,True,2024-05-16,False,
DOC0000846,SIN000282,Informe,True,True,2024-05-15,False,
DOC0000847,SIN000283,Denuncia,True,True,2025-05-23,False,
DOC0000848,SIN000283,Factura,True,True,2025-05-22,False,
DOC0000849,SIN000283,Informe,True,True,2025-05-19,False,
DOC0000850,SIN000284,Denuncia,True,True,2025-04-02,False,
DOC0000851,SIN000284,Factura,True,True,2025-04-04,False,
DOC0000852,SIN000284,Informe,True,True,2025-03-31,False,
DOC0000853,SIN000285,Denuncia,True,True,2024-08-14,False,
DOC0000854,SIN000285,Factura,True,True,2024-08-14,False,
DOC0000855,SIN000285,Informe,True,True,2024-08-10,False,
DOC0000856,SIN000286,Denuncia,True,True,2024-09-03,False,
DOC0000857,SIN000286,Factura,True,True,2024-08-31,False,
DOC0000858,SIN000286,Informe,True,True,2024-09-04,False,
DOC0000859,SIN000287,Denuncia,True,True,2024-12-31,False,
DOC0000860,SIN000287,Factura,True,True,2024-12-30,False,
DOC0000861,SIN000287,Informe,True,True,2024-12-31,False,
DOC0000862,SIN000288,Denuncia,True,True,2024-07-04,False,
DOC0000863,SIN000288,Factura,True,True,2024-06-30,False,
DOC0000864,SIN000288,Informe,True,True,2024-07-02,False,
DOC0000865,SIN000289,Denuncia,True,True,2025-09-22,False,
DOC0000866,SIN000289,Factura,True,True,2025-09-26,False,
DOC0000867,SIN000289,Informe,True,True,2025-09-22,False,
DOC0000868,SIN000290,Denuncia,True,True,2024-07-02,False,
DOC0000869,SIN000290,Factura,True,True,2024-07-02,False,
DOC0000870,SIN000290,Informe,True,True,2024-07-02,False,
DOC0000871,SIN000291,Denuncia,True,True,2025-04-21,False,
DOC0000872,SIN000291,Factura,True,True,2025-04-24,False,
DOC0000873,SIN000291,Informe,True,True,2025-04-20,False,
DOC0000874,SIN000292,Denuncia,True,True,2025-10-17,False,
DOC0000875,SIN000292,Factura,True,True,2025-10-17,False,
DOC0000876,SIN000292,Informe,True,True,2025-10-16,False,
DOC0000877,SIN000293,Denuncia,True,True,2025-03-11,False,
DOC0000878,SIN000293,Factura,True,True,2025-03-08,False,
DOC0000879,SIN000293,Informe,True,True,2025-03-07,False,
DOC0000880,SIN000294,Denuncia,True,True,2024-10-07,False,
DOC0000881,SIN000294,Factura,True,True,2024-10-06,False,
DOC0000882,SIN000294,Informe,True,True,2024-10-04,False,
DOC0000883,SIN000295,Denuncia,True,True,2025-02-22,False,
DOC0000884,SIN000295,Factura,True,True,2025-02-26,False,
DOC0000885,SIN000295,Informe,True,True,2025-02-22,False,
DOC0000886,SIN000296,Denuncia,True,True,2025-03-26,False,
DOC0000887,SIN000296,Factura,True,True,2025-03-28,False,
DOC0000888,SIN000296,Informe,True,True,2025-03-25,False,
DOC0000889,SIN000297,Denuncia,True,True,2025-02-19,False,
DOC0000890,SIN000297,Factura,True,True,2025-02-19,False,
DOC0000891,SIN000297,Informe,True,True,2025-02-21,False,
DOC0000892,SIN000298,Denuncia,True,True,2025-06-15,False,
DOC0000893,SIN000298,Factura,True,True,2025-06-15,False,
DOC0000894,SIN000298,Informe,True,True,2025-06-19,False,
DOC0000895,SIN000299,Denuncia,True,True,2024-12-20,False,
DOC0000896,SIN000299,Factura,True,True,2024-12-24,False,
DOC0000897,SIN000299,Informe,True,True,2024-12-23,False,
DOC0000898,SIN000300,Denuncia,True,True,2025-02-06,False,
DOC0000899,SIN000300,Factura,True,True,2025-02-04,False,
DOC0000900,SIN000300,Informe,True,True,2025-02-06,False,
DOC0000901,SIN000301,Denuncia,True,True,2025-03-15,False,
DOC0000902,SIN000301,Factura,True,True,2025-03-18,False,
DOC0000903,SIN000301,Informe,True,True,2025-03-14,False,
DOC0000904,SIN000302,Denuncia,True,True,2024-12-23,False,
DOC0000905,SIN000302,Factura,True,True,2024-12-25,False,
DOC0000906,SIN000302,Informe,True,True,2024-12-23,False,
DOC0000907,SIN000303,Denuncia,True,True,2025-10-23,False,
DOC0000908,SIN000303,Factura,True,True,2025-10-25,False,
DOC0000909,SIN000303,Informe,True,True,2025-10-21,False,
DOC0000910,SIN000304,Denuncia,True,True,2024-10-16,False,
DOC0000911,SIN000304,Factura,True,True,2024-10-15,False,
DOC0000912,SIN000304,Informe,True,True,2024-10-19,False,
DOC0000913,SIN000305,Denuncia,True,True,2025-08-07,False,
DOC0000914,SIN000305,Factura,True,True,2025-08-07,False,
DOC0000915,SIN000305,Informe,True,True,2025-08-04,False,
DOC0000916,SIN000306,Denuncia,True,True,2025-07-09,False,
DOC0000917,SIN000306,Factura,True,True,2025-07-12,False,
DOC0000918,SIN000306,Informe,True,True,2025-07-08,False,
DOC0000919,SIN000307,Denuncia,True,True,2025-08-21,False,
DOC0000920,SIN000307,Factura,True,True,2025-08-21,False,
DOC0000921,SIN000307,Informe,True,True,2025-08-20,False,
DOC0000922,SIN000308,Denuncia,True,True,2024-07-20,False,
DOC0000923,SIN000308,Factura,True,True,2024-07-15,False,
DOC0000924,SIN000308,Informe,True,True,2024-07-18,False,
DOC0000925,SIN000309,Denuncia,True,True,2024-11-12,False,
DOC0000926,SIN000309,Factura,True,True,2024-11-10,False,
DOC0000927,SIN000309,Informe,True,True,2024-11-09,False,
DOC0000928,SIN000310,Denuncia,True,True,2024-05-15,False,
DOC0000929,SIN000310,Factura,True,True,2024-05-14,False,
DOC0000930,SIN000310,Informe,True,True,2024-05-18,False,
DOC0000931,SIN000311,Denuncia,True,True,2024-07-31,False,
DOC0000932,SIN000311,Factura,True,True,2024-07-30,False,
DOC0000933,SIN000311,Informe,True,True,2024-08-01,False,
DOC0000934,SIN000312,Denuncia,True,True,2024-10-01,False,
DOC0000935,SIN000312,Factura,True,True,2024-09-30,False,
DOC0000936,SIN000312,Informe,True,True,2024-10-01,False,
DOC0000937,SIN000313,Denuncia,True,True,2024-06-29,False,
DOC0000938,SIN000313,Factura,True,True,2024-06-28,False,
DOC0000939,SIN000313,Informe,True,True,2024-07-02,False,
DOC0000940,SIN000314,Denuncia,True,True,2025-05-30,False,
DOC0000941,SIN000314,Factura,True,True,2025-05-28,False,
DOC0000942,SIN000314,Informe,True,True,2025-05-30,False,
DOC0000943,SIN000315,Denuncia,True,True,2024-12-30,False,
DOC0000944,SIN000315,Factura,True,True,2024-12-28,False,
DOC0000945,SIN000315,Informe,True,True,2024-12-29,False,
DOC0000946,SIN000316,Denuncia,True,True,2025-02-12,False,
DOC0000947,SIN000316,Factura,True,True,2025-02-14,False,
DOC0000948,SIN000316,Informe,True,True,2025-02-11,False,
DOC0000949,SIN000317,Denuncia,True,True,2024-12-07,False,
DOC0000950,SIN000317,Factura,True,True,2024-12-07,False,
DOC0000951,SIN000317,Informe,True,True,2024-12-09,False,
DOC0000952,SIN000318,Denuncia,True,True,2024-08-19,False,
DOC0000953,SIN000318,Factura,True,True,2024-08-17,False,
DOC0000954,SIN000318,Informe,True,True,2024-08-17,False,
DOC0000955,SIN000319,Denuncia,True,True,2024-08-22,False,
DOC0000956,SIN000319,Factura,True,True,2024-08-19,False,
DOC0000957,SIN000319,Informe,True,True,2024-08-20,False,
DOC0000958,SIN000320,Denuncia,True,True,2025-02-03,False,
DOC0000959,SIN000320,Factura,True,True,2025-02-03,False,
DOC0000960,SIN000320,Informe,True,True,2025-02-05,False,
DOC0000961,SIN000321,Denuncia,True,True,2024-10-22,False,
DOC0000962,SIN000321,Factura,True,True,2024-10-20,False,
DOC0000963,SIN000321,Informe,True,True,2024-10-23,False,
DOC0000964,SIN000322,Denuncia,True,True,2024-11-15,False,
DOC0000965,SIN000322,Factura,True,True,2024-11-18,False,
DOC0000966,SIN000322,Informe,True,True,2024-11-14,False,
DOC0000967,SIN000323,Denuncia,True,True,2025-04-09,False,
DOC0000968,SIN000323,Factura,True,True,2025-04-07,False,
DOC0000969,SIN000323,Informe,True,True,2025-04-09,False,
DOC0000970,SIN000324,Denuncia,True,True,2025-05-31,False,
DOC0000971,SIN000324,Factura,True,True,2025-06-02,False,
DOC0000972,SIN000324,Informe,True,True,2025-06-02,False,
DOC0000973,SIN000325,Denuncia,True,True,2024-10-10,False,
DOC0000974,SIN000325,Factura,True,True,2024-10-11,False,
DOC0000975,SIN000325,Informe,True,True,2024-10-07,False,
DOC0000976,SIN000326,Denuncia,True,True,2024-08-24,False,
DOC0000977,SIN000326,Factura,True,True,2024-08-22,False,
DOC0000978,SIN000326,Informe,True,True,2024-08-25,False,
DOC0000979,SIN000327,Denuncia,True,True,2024-09-19,False,
DOC0000980,SIN000327,Factura,True,True,2024-09-24,False,
DOC0000981,SIN000327,Informe,True,True,2024-09-20,False,
DOC0000982,SIN000328,Denuncia,True,True,2024-04-28,False,
DOC0000983,SIN000328,Factura,True,True,2024-04-26,False,
DOC0000984,SIN000328,Informe,True,True,2024-04-27,False,
DOC0000985,SIN000329,Denuncia,True,True,2025-03-10,False,
DOC0000986,SIN000329,Factura,True,True,2025-03-08,False,
DOC0000987,SIN000329,Informe,True,True,2025-03-09,False,
DOC0000988,SIN000330,Denuncia,True,True,2025-05-12,False,
DOC0000989,SIN000330,Factura,True,True,2025-05-13,False,
DOC0000990,SIN000330,Informe,True,True,2025-05-14,False,
DOC0000991,SIN000331,Denuncia,True,True,2025-03-06,False,
DOC0000992,SIN000331,Factura,True,True,2025-03-11,False,
DOC0000993,SIN000331,Informe,True,True,2025-03-09,False,
DOC0000994,SIN000332,Denuncia,True,True,2024-11-22,False,
DOC0000995,SIN000332,Factura,True,True,2024-11-24,False,
DOC0000996,SIN000332,Informe,True,True,2024-11-23,False,
DOC0000997,SIN000333,Denuncia,True,True,2024-11-28,False,
DOC0000998,SIN000333,Factura,True,True,2024-11-27,False,
DOC0000999,SIN000333,Informe,True,True,2024-11-26,False,
DOC0001000,SIN000334,Denuncia,True,True,2025-08-05,False,
DOC0001001,SIN000334,Factura,True,True,2025-08-06,False,
DOC0001002,SIN000334,Informe,True,True,2025-08-05,False,
DOC0001003,SIN000335,Denuncia,True,True,2025-10-11,False,
DOC0001004,SIN000335,Factura,True,True,2025-10-11,False,
DOC0001005,SIN000335,Informe,True,True,2025-10-08,False,
DOC0001006,SIN000336,Denuncia,True,True,2025-03-11,False,
DOC0001007,SIN000336,Factura,True,True,2025-03-13,False,
DOC0001008,SIN000336,Informe,True,True,2025-03-10,False,
DOC0001009,SIN000337,Denuncia,True,True,2024-05-30,False,
DOC0001010,SIN000337,Factura,True,True,2024-06-02,False,
DOC0001011,SIN000337,Informe,True,True,2024-05-30,False,
DOC0001012,SIN000338,Denuncia,True,True,2025-06-16,False,
DOC0001013,SIN000338,Factura,True,True,2025-06-13,False,
DOC0001014,SIN000338,Informe,True,True,2025-06-12,False,
DOC0001015,SIN000339,Denuncia,True,True,2025-04-11,False,
DOC0001016,SIN000339,Factura,True,True,2025-04-10,False,
DOC0001017,SIN000339,Informe,True,True,2025-04-08,False,
DOC0001018,SIN000340,Denuncia,True,True,2024-09-29,False,
DOC0001019,SIN000340,Factura,True,True,2024-09-29,False,
DOC0001020,SIN000340,Informe,True,True,2024-09-30,False,
DOC0001021,SIN000341,Denuncia,True,True,2025-02-09,False,
DOC0001022,SIN000341,Factura,True,True,2025-02-08,False,
DOC0001023,SIN000341,Informe,True,True,2025-02-09,False,
DOC0001024,SIN000342,Denuncia,True,True,2025-02-06,False,
DOC0001025,SIN000342,Factura,True,True,2025-02-06,False,
DOC0001026,SIN000342,Informe,True,True,2025-02-08,False,
DOC0001027,SIN000343,Denuncia,True,True,2025-03-27,False,
DOC0001028,SIN000343,Factura,True,True,2025-03-26,False,
DOC0001029,SIN000343,Informe,True,True,2025-03-26,False,
DOC0001030,SIN000344,Denuncia,True,True,2024-11-21,False,
DOC0001031,SIN000344,Factura,True,True,2024-11-19,False,
DOC0001032,SIN000344,Informe,True,True,2024-11-21,False,
DOC0001033,SIN000345,Denuncia,True,True,2024-08-01,False,
DOC0001034,SIN000345,Factura,True,True,2024-08-02,False,
DOC0001035,SIN000345,Informe,True,True,2024-08-01,False,
DOC0001036,SIN000346,Denuncia,True,True,2025-02-25,False,
DOC0001037,SIN000346,Factura,True,True,2025-02-23,False,
DOC0001038,SIN000346,Informe,True,True,2025-02-24,False,
DOC0001039,SIN000347,Denuncia,True,True,2024-12-22,False,
DOC0001040,SIN000347,Factura,True,True,2024-12-25,False,
DOC0001041,SIN000347,Informe,True,True,2024-12-23,False,
DOC0001042,SIN000348,Denuncia,True,True,2024-12-09,False,
DOC0001043,SIN000348,Factura,True,True,2024-12-07,False,
DOC0001044,SIN000348,Informe,True,True,2024-12-11,False,
DOC0001045,SIN000349,Denuncia,True,True,2025-08-02,False,
DOC0001046,SIN000349,Factura,True,True,2025-08-02,False,
DOC0001047,SIN000349,Informe,True,True,2025-07-31,False,
DOC0001048,SIN000350,Denuncia,True,True,2025-02-06,False,
DOC0001049,SIN000350,Factura,True,True,2025-02-09,False,
DOC0001050,SIN000350,Informe,True,True,2025-02-07,False,
DOC0001051,SIN000351,Denuncia,True,True,2025-02-08,False,
DOC0001052,SIN000351,Factura,True,True,2025-02-08,False,
DOC0001053,SIN000351,Informe,True,True,2025-02-07,False,
DOC0001054,SIN000352,Denuncia,True,True,2024-07-25,False,
DOC0001055,SIN000352,Factura,True,True,2024-07-25,False,
DOC0001056,SIN000352,Informe,True,True,2024-07-21,False,
DOC0001057,SIN000353,Denuncia,True,True,2024-12-28,False,
DOC0001058,SIN000353,Factura,True,True,2024-12-27,False,
DOC0001059,SIN000353,Informe,True,True,2024-12-26,False,
DOC0001060,SIN000354,Denuncia,True,True,2024-05-26,False,
DOC0001061,SIN000354,Factura,True,True,2024-05-27,False,
DOC0001062,SIN000354,Informe,True,True,2024-05-27,False,
DOC0001063,SIN000355,Denuncia,True,True,2024-04-19,False,
DOC0001064,SIN000355,Factura,True,True,2024-04-20,False,
DOC0001065,SIN000355,Informe,True,True,2024-04-21,False,
DOC0001066,SIN000356,Denuncia,True,True,2025-02-05,False,
DOC0001067,SIN000356,Factura,True,True,2025-02-06,False,
DOC0001068,SIN000356,Informe,True,True,2025-02-07,False,
DOC0001069,SIN000357,Denuncia,True,True,2025-01-25,False,
DOC0001070,SIN000357,Factura,True,True,2025-01-21,False,
DOC0001071,SIN000357,Informe,True,True,2025-01-25,False,
DOC0001072,SIN000358,Denuncia,True,True,2024-12-02,False,
DOC0001073,SIN000358,Factura,True,True,2024-12-03,False,
DOC0001074,SIN000358,Informe,True,True,2024-12-03,False,
DOC0001075,SIN000359,Denuncia,True,True,2024-06-07,False,
DOC0001076,SIN000359,Factura,True,True,2024-06-08,False,
DOC0001077,SIN000359,Informe,True,True,2024-06-06,False,
DOC0001078,SIN000360,Denuncia,True,True,2024-11-04,False,
DOC0001079,SIN000360,Factura,True,True,2024-11-07,False,
DOC0001080,SIN000360,Informe,True,True,2024-11-06,False,
DOC0001081,SIN000361,Denuncia,True,True,2024-10-24,False,
DOC0001082,SIN000361,Factura,True,True,2024-10-22,False,
DOC0001083,SIN000361,Informe,True,True,2024-10-25,False,
DOC0001084,SIN000362,Denuncia,True,True,2025-08-22,False,
DOC0001085,SIN000362,Factura,True,True,2025-08-22,False,
DOC0001086,SIN000362,Informe,True,True,2025-08-21,False,
DOC0001087,SIN000363,Denuncia,True,True,2025-05-01,False,
DOC0001088,SIN000363,Factura,True,True,2025-05-01,False,
DOC0001089,SIN000363,Informe,True,True,2025-05-01,False,
DOC0001090,SIN000364,Denuncia,True,True,2025-06-09,False,
DOC0001091,SIN000364,Factura,True,True,2025-06-10,False,
DOC0001092,SIN000364,Informe,True,True,2025-06-08,False,
DOC0001093,SIN000365,Denuncia,True,True,2024-04-23,False,
DOC0001094,SIN000365,Factura,True,True,2024-04-18,False,
DOC0001095,SIN000365,Informe,True,True,2024-04-21,False,
DOC0001096,SIN000366,Denuncia,True,True,2025-04-12,False,
DOC0001097,SIN000366,Factura,True,True,2025-04-14,False,
DOC0001098,SIN000366,Informe,True,True,2025-04-09,False,
DOC0001099,SIN000367,Denuncia,True,True,2025-05-27,False,
DOC0001100,SIN000367,Factura,True,True,2025-05-30,False,
DOC0001101,SIN000367,Informe,True,True,2025-05-27,False,
DOC0001102,SIN000368,Denuncia,True,True,2025-03-20,False,
DOC0001103,SIN000368,Factura,True,True,2025-03-22,False,
DOC0001104,SIN000368,Informe,True,True,2025-03-22,False,
DOC0001105,SIN000369,Denuncia,True,True,2025-03-30,False,
DOC0001106,SIN000369,Factura,True,True,2025-03-28,False,
DOC0001107,SIN000369,Informe,True,True,2025-03-28,False,
DOC0001108,SIN000370,Denuncia,True,True,2024-07-12,False,
DOC0001109,SIN000370,Factura,True,True,2024-07-12,False,
DOC0001110,SIN000370,Informe,True,True,2024-07-10,False,
DOC0001111,SIN000371,Denuncia,True,True,2025-09-14,False,
DOC0001112,SIN000371,Factura,True,True,2025-09-19,False,
DOC0001113,SIN000371,Informe,True,True,2025-09-19,False,
DOC0001114,SIN000372,Denuncia,True,True,2025-02-17,False,
DOC0001115,SIN000372,Factura,True,True,2025-02-15,False,
DOC0001116,SIN000372,Informe,True,True,2025-02-14,False,
DOC0001117,SIN000373,Denuncia,True,True,2024-11-26,False,
DOC0001118,SIN000373,Factura,True,True,2024-11-25,False,
DOC0001119,SIN000373,Informe,True,True,2024-11-22,False,
DOC0001120,SIN000374,Denuncia,True,True,2025-06-20,False,
DOC0001121,SIN000374,Factura,True,True,2025-06-15,False,
DOC0001122,SIN000374,Informe,True,True,2025-06-19,False,
DOC0001123,SIN000375,Denuncia,True,True,2024-06-08,False,
DOC0001124,SIN000375,Factura,True,True,2024-06-12,False,
DOC0001125,SIN000375,Informe,True,True,2024-06-07,False,
DOC0001126,SIN000376,Denuncia,True,True,2024-08-19,False,
DOC0001127,SIN000376,Factura,True,True,2024-08-20,False,
DOC0001128,SIN000376,Informe,True,True,2024-08-24,False,
DOC0001129,SIN000377,Denuncia,True,True,2024-12-04,False,
DOC0001130,SIN000377,Factura,True,True,2024-12-02,False,
DOC0001131,SIN000377,Informe,True,True,2024-12-06,False,
DOC0001132,SIN000378,Denuncia,True,True,2024-07-06,False,
DOC0001133,SIN000378,Factura,True,True,2024-07-02,False,
DOC0001134,SIN000378,Informe,True,True,2024-07-03,False,
DOC0001135,SIN000379,Denuncia,True,True,2025-02-13,False,
DOC0001136,SIN000379,Factura,True,True,2025-02-12,False,
DOC0001137,SIN000379,Informe,True,True,2025-02-09,False,
DOC0001138,SIN000380,Denuncia,True,True,2025-05-10,False,
DOC0001139,SIN000380,Factura,True,True,2025-05-12,False,
DOC0001140,SIN000380,Informe,True,True,2025-05-12,False,
DOC0001141,SIN000381,Denuncia,True,True,2025-03-01,False,
DOC0001142,SIN000381,Factura,True,True,2025-03-04,False,
DOC0001143,SIN000381,Informe,True,True,2025-03-02,False,
DOC0001144,SIN000382,Denuncia,True,True,2025-03-09,False,
DOC0001145,SIN000382,Factura,True,True,2025-03-09,False,
DOC0001146,SIN000382,Informe,True,True,2025-03-05,False,
DOC0001147,SIN000383,Denuncia,True,True,2025-07-12,False,
DOC0001148,SIN000383,Factura,True,True,2025-07-13,False,
DOC0001149,SIN000383,Informe,True,True,2025-07-12,False,
DOC0001150,SIN000384,Denuncia,True,True,2024-08-30,False,
DOC0001151,SIN000384,Factura,True,True,2024-08-25,False,
DOC0001152,SIN000384,Informe,True,True,2024-08-28,False,
DOC0001153,SIN000385,Denuncia,True,True,2025-01-08,False,
DOC0001154,SIN000385,Factura,True,True,2025-01-08,False,
DOC0001155,SIN000385,Informe,True,True,2025-01-07,False,
DOC0001156,SIN000386,Denuncia,True,True,2025-05-17,False,
DOC0001157,SIN000386,Factura,True,True,2025-05-19,False,
DOC0001158,SIN000386,Informe,True,True,2025-05-16,False,
DOC0001159,SIN000387,Denuncia,True,True,2024-07-11,False,
DOC0001160,SIN000387,Factura,True,True,2024-07-15,False,
DOC0001161,SIN000387,Informe,True,True,2024-07-13,False,
DOC0001162,SIN000388,Denuncia,True,True,2024-10-05,False,
DOC0001163,SIN000388,Factura,True,True,2024-10-06,False,
DOC0001164,SIN000388,Informe,True,True,2024-10-06,False,
DOC0001165,SIN000389,Denuncia,True,True,2025-08-13,False,
DOC0001166,SIN000389,Factura,True,True,2025-08-15,False,
DOC0001167,SIN000389,Informe,True,True,2025-08-15,False,
DOC0001168,SIN000390,Denuncia,True,True,2024-10-03,False,
DOC0001169,SIN000390,Factura,True,True,2024-10-02,False,
DOC0001170,SIN000390,Informe,True,True,2024-10-03,False,
DOC0001171,SIN000391,Denuncia,True,True,2024-08-21,False,
DOC0001172,SIN000391,Factura,True,True,2024-08-21,False,
DOC0001173,SIN000391,Informe,True,True,2024-08-19,False,
DOC0001174,SIN000392,Denuncia,True,True,2025-05-21,False,
DOC0001175,SIN000392,Factura,True,True,2025-05-23,False,
DOC0001176,SIN000392,Informe,True,True,2025-05-24,False,
DOC0001177,SIN000393,Denuncia,True,True,2025-07-20,False,
DOC0001178,SIN000393,Factura,True,True,2025-07-20,False,
DOC0001179,SIN000393,Informe,True,True,2025-07-18,False,
DOC0001180,SIN000394,Denuncia,True,True,2025-03-03,False,
DOC0001181,SIN000394,Factura,True,True,2025-03-04,False,
DOC0001182,SIN000394,Informe,True,True,2025-03-01,False,
DOC0001183,SIN000395,Denuncia,True,True,2024-09-07,False,
DOC0001184,SIN000395,Factura,True,True,2024-09-09,False,
DOC0001185,SIN000395,Informe,True,True,2024-09-08,False,
DOC0001186,SIN000396,Denuncia,True,True,2025-05-10,False,
DOC0001187,SIN000396,Factura,True,True,2025-05-07,False,
DOC0001188,SIN000396,Informe,True,True,2025-05-07,False,
DOC0001189,SIN000397,Denuncia,True,True,2024-10-29,False,
DOC0001190,SIN000397,Factura,True,True,2024-10-31,False,
DOC0001191,SIN000397,Informe,True,True,2024-10-27,False,
DOC0001192,SIN000398,Denuncia,True,True,2025-06-12,False,
DOC0001193,SIN000398,Factura,True,True,2025-06-13,False,
DOC0001194,SIN000398,Informe,True,True,2025-06-11,False,
DOC0001195,SIN000399,Denuncia,True,True,2025-01-08,False,
DOC0001196,SIN000399,Factura,True,True,2025-01-05,False,
DOC0001197,SIN000399,Informe,True,True,2025-01-10,False,
DOC0001198,SIN000400,Denuncia,True,True,2024-10-21,False,
DOC0001199,SIN000400,Factura,True,True,2024-10-17,False,
DOC0001200,SIN000400,Informe,True,True,2024-10-20,False,
DOC0001201,SIN000401,Denuncia,True,True,2024-09-06,False,
DOC0001202,SIN000401,Factura,True,True,2024-09-07,False,
DOC0001203,SIN000401,Informe,True,True,2024-09-03,False,
DOC0001204,SIN000402,Denuncia,True,True,2024-11-06,False,
DOC0001205,SIN000402,Factura,True,True,2024-11-10,False,
DOC0001206,SIN000402,Informe,True,True,2024-11-10,False,
DOC0001207,SIN000403,Denuncia,True,True,2024-09-30,False,
DOC0001208,SIN000403,Factura,True,True,2024-09-28,False,
DOC0001209,SIN000403,Informe,True,True,2024-09-26,False,
DOC0001210,SIN000404,Denuncia,True,True,2025-06-01,False,
DOC0001211,SIN000404,Factura,True,True,2025-06-05,False,
DOC0001212,SIN000404,Informe,True,True,2025-06-06,False,
DOC0001213,SIN000405,Denuncia,True,True,2025-03-28,False,
DOC0001214,SIN000405,Factura,True,True,2025-03-28,False,
DOC0001215,SIN000405,Informe,True,True,2025-03-24,False,
DOC0001216,SIN000406,Denuncia,True,True,2025-04-23,False,
DOC0001217,SIN000406,Factura,True,True,2025-04-25,False,
DOC0001218,SIN000406,Informe,True,True,2025-04-27,False,
DOC0001219,SIN000407,Denuncia,True,True,2025-04-20,False,
DOC0001220,SIN000407,Factura,True,True,2025-04-19,False,
DOC0001221,SIN000407,Informe,True,True,2025-04-19,False,
DOC0001222,SIN000408,Denuncia,True,True,2024-12-01,False,
DOC0001223,SIN000408,Factura,True,True,2024-11-30,False,
DOC0001224,SIN000408,Informe,True,True,2024-12-01,False,
DOC0001225,SIN000409,Denuncia,True,True,2024-09-19,False,
DOC0001226,SIN000409,Factura,True,True,2024-09-18,False,
DOC0001227,SIN000409,Informe,True,True,2024-09-18,False,
DOC0001228,SIN000410,Denuncia,True,True,2024-07-29,False,
DOC0001229,SIN000410,Factura,True,True,2024-07-27,False,
DOC0001230,SIN000410,Informe,True,True,2024-07-26,False,
DOC0001231,SIN000411,Denuncia,True,True,2025-05-24,False,
DOC0001232,SIN000411,Factura,True,True,2025-05-24,False,
DOC0001233,SIN000411,Informe,True,True,2025-05-25,False,
DOC0001234,SIN000412,Denuncia,True,True,2024-10-12,False,
DOC0001235,SIN000412,Factura,True,True,2024-10-14,False,
DOC0001236,SIN000412,Informe,True,True,2024-10-13,False,
DOC0001237,SIN000413,Denuncia,True,True,2025-01-23,False,
DOC0001238,SIN000413,Factura,True,True,2025-01-28,False,
DOC0001239,SIN000413,Informe,True,True,2025-01-24,False,
DOC0001240,SIN000414,Denuncia,True,True,2025-08-19,False,
DOC0001241,SIN000414,Factura,True,True,2025-08-21,False,
DOC0001242,SIN000414,Informe,True,True,2025-08-20,False,
DOC0001243,SIN000415,Denuncia,True,True,2025-03-21,False,
DOC0001244,SIN000415,Factura,True,True,2025-03-19,False,
DOC0001245,SIN000415,Informe,True,True,2025-03-19,False,
DOC0001246,SIN000416,Denuncia,True,True,2024-12-24,False,
DOC0001247,SIN000416,Factura,True,True,2024-12-23,False,
DOC0001248,SIN000416,Informe,True,True,2024-12-22,False,
DOC0001249,SIN000417,Denuncia,True,True,2024-11-18,False,
DOC0001250,SIN000417,Factura,True,True,2024-11-16,False,
DOC0001251,SIN000417,Informe,True,True,2024-11-16,False,
DOC0001252,SIN000418,Denuncia,True,True,2024-08-26,False,
DOC0001253,SIN000418,Factura,True,True,2024-08-24,False,
DOC0001254,SIN000418,Informe,True,True,2024-08-25,False,
DOC0001255,SIN000419,Denuncia,True,True,2024-06-02,False,
DOC0001256,SIN000419,Factura,True,True,2024-06-03,False,
DOC0001257,SIN000419,Informe,True,True,2024-06-02,False,
DOC0001258,SIN000420,Denuncia,True,True,2024-10-15,False,
DOC0001259,SIN000420,Factura,True,True,2024-10-13,False,
DOC0001260,SIN000420,Informe,True,True,2024-10-15,False,
DOC0001261,SIN000421,Denuncia,True,True,2025-11-02,False,
DOC0001262,SIN000421,Factura,True,True,2025-11-03,False,
DOC0001263,SIN000421,Informe,True,True,2025-11-03,False,
DOC0001264,SIN000422,Denuncia,True,True,2025-08-26,False,
DOC0001265,SIN000422,Factura,True,True,2025-08-27,False,
DOC0001266,SIN000422,Informe,True,True,2025-08-31,False,
DOC0001267,SIN000423,Denuncia,True,True,2025-02-01,False,
DOC0001268,SIN000423,Factura,True,True,2025-01-31,False,
DOC0001269,SIN000423,Informe,True,True,2025-01-30,False,
DOC0001270,SIN000424,Denuncia,True,True,2025-01-30,False,
DOC0001271,SIN000424,Factura,True,True,2025-01-25,False,
DOC0001272,SIN000424,Informe,True,True,2025-01-25,False,
DOC0001273,SIN000425,Denuncia,True,True,2025-01-04,False,
DOC0001274,SIN000425,Factura,True,True,2025-01-02,False,
DOC0001275,SIN000425,Informe,True,True,2025-01-05,False,
DOC0001276,SIN000426,Denuncia,True,True,2024-11-13,False,
DOC0001277,SIN000426,Factura,True,True,2024-11-12,False,
DOC0001278,SIN000426,Informe,True,True,2024-11-09,False,
DOC0001279,SIN000427,Denuncia,True,True,2025-01-18,False,
DOC0001280,SIN000427,Factura,True,True,2025-01-17,False,
DOC0001281,SIN000427,Informe,True,True,2025-01-16,False,
DOC0001282,SIN000428,Denuncia,True,True,2024-08-03,False,
DOC0001283,SIN000428,Factura,True,True,2024-08-05,False,
DOC0001284,SIN000428,Informe,True,True,2024-08-05,False,
DOC0001285,SIN000429,Denuncia,True,True,2025-08-30,False,
DOC0001286,SIN000429,Factura,True,True,2025-09-02,False,
DOC0001287,SIN000429,Informe,True,True,2025-09-01,False,
DOC0001288,SIN000430,Denuncia,True,True,2025-05-11,False,
DOC0001289,SIN000430,Factura,True,True,2025-05-10,False,
DOC0001290,SIN000430,Informe,True,True,2025-05-10,False,
DOC0001291,SIN000431,Denuncia,True,True,2024-09-16,False,
DOC0001292,SIN000431,Factura,True,True,2024-09-17,False,
DOC0001293,SIN000431,Informe,True,True,2024-09-21,False,
DOC0001294,SIN000432,Denuncia,True,True,2025-06-13,False,
DOC0001295,SIN000432,Factura,True,True,2025-06-12,False,
DOC0001296,SIN000432,Informe,True,True,2025-06-12,False,
DOC0001297,SIN000433,Denuncia,True,True,2024-05-16,False,
DOC0001298,SIN000433,Factura,True,True,2024-05-16,False,
DOC0001299,SIN000433,Informe,True,True,2024-05-14,False,
DOC0001300,SIN000434,Denuncia,True,True,2024-09-06,False,
DOC0001301,SIN000434,Factura,True,True,2024-09-11,False,
DOC0001302,SIN000434,Informe,True,True,2024-09-07,False,
DOC0001303,SIN000435,Denuncia,True,True,2024-07-19,False,
DOC0001304,SIN000435,Factura,True,True,2024-07-19,False,
DOC0001305,SIN000435,Informe,True,True,2024-07-22,False,
DOC0001306,SIN000436,Denuncia,True,True,2024-12-02,False,
DOC0001307,SIN000436,Factura,True,True,2024-12-03,False,
DOC0001308,SIN000436,Informe,True,True,2024-11-30,False,
DOC0001309,SIN000437,Denuncia,True,True,2025-12-06,False,
DOC0001310,SIN000437,Factura,True,True,2025-12-09,False,
DOC0001311,SIN000437,Informe,True,True,2025-12-05,False,
DOC0001312,SIN000438,Denuncia,True,True,2025-02-24,False,
DOC0001313,SIN000438,Factura,True,True,2025-02-26,False,
DOC0001314,SIN000438,Informe,True,True,2025-03-01,False,
DOC0001315,SIN000439,Denuncia,True,True,2024-08-28,False,
DOC0001316,SIN000439,Factura,True,True,2024-09-01,False,
DOC0001317,SIN000439,Informe,True,True,2024-08-31,False,
DOC0001318,SIN000440,Denuncia,True,True,2024-04-27,False,
DOC0001319,SIN000440,Factura,True,True,2024-04-23,False,
DOC0001320,SIN000440,Informe,True,True,2024-04-27,False,
DOC0001321,SIN000441,Denuncia,True,True,2024-11-25,False,
DOC0001322,SIN000441,Factura,True,True,2024-11-27,False,
DOC0001323,SIN000441,Informe,True,True,2024-11-28,False,
DOC0001324,SIN000442,Denuncia,True,True,2025-11-13,False,
DOC0001325,SIN000442,Factura,True,True,2025-11-13,False,
DOC0001326,SIN000442,Informe,True,True,2025-11-14,False,
DOC0001327,SIN000443,Denuncia,True,True,2024-09-20,False,
DOC0001328,SIN000443,Factura,True,True,2024-09-19,False,
DOC0001329,SIN000443,Informe,True,True,2024-09-18,False,
DOC0001330,SIN000444,Denuncia,True,True,2025-06-28,False,
DOC0001331,SIN000444,Factura,True,True,2025-06-27,False,
DOC0001332,SIN000444,Informe,True,True,2025-06-27,False,
DOC0001333,SIN000445,Denuncia,True,True,2025-02-24,False,
DOC0001334,SIN000445,Factura,True,True,2025-02-22,False,
DOC0001335,SIN000445,Informe,True,True,2025-02-24,False,
DOC0001336,SIN000446,Denuncia,True,True,2024-12-25,False,
DOC0001337,SIN000446,Factura,True,True,2024-12-27,False,
DOC0001338,SIN000446,Informe,True,True,2024-12-25,False,
DOC0001339,SIN000447,Denuncia,True,True,2025-04-16,False,
DOC0001340,SIN000447,Factura,True,True,2025-04-17,False,
DOC0001341,SIN000447,Informe,True,True,2025-04-18,False,
DOC0001342,SIN000448,Denuncia,True,True,2024-06-07,False,
DOC0001343,SIN000448,Factura,True,True,2024-06-12,False,
DOC0001344,SIN000448,Informe,True,True,2024-06-10,False,
DOC0001345,SIN000449,Denuncia,True,True,2025-03-23,False,
DOC0001346,SIN000449,Factura,True,True,2025-03-24,False,
DOC0001347,SIN000449,Informe,True,True,2025-03-26,False,
DOC0001348,SIN000450,Denuncia,True,True,2024-10-22,False,
DOC0001349,SIN000450,Factura,True,True,2024-10-19,False,
DOC0001350,SIN000450,Informe,True,True,2024-10-18,False,
DOC0001351,SIN000451,Denuncia,True,True,2025-07-30,False,
DOC0001352,SIN000451,Factura,True,True,2025-08-01,False,
DOC0001353,SIN000451,Informe,True,True,2025-08-03,False,
DOC0001354,SIN000452,Denuncia,True,True,2025-07-11,False,
DOC0001355,SIN000452,Factura,True,True,2025-07-11,False,
DOC0001356,SIN000452,Informe,True,True,2025-07-10,False,
DOC0001357,SIN000453,Denuncia,True,True,2025-07-29,False,
DOC0001358,SIN000453,Factura,True,True,2025-07-30,False,
DOC0001359,SIN000453,Informe,True,True,2025-08-02,False,
DOC0001360,SIN000454,Denuncia,True,True,2024-11-15,False,
DOC0001361,SIN000454,Factura,True,True,2024-11-16,False,
DOC0001362,SIN000454,Informe,True,True,2024-11-14,False,
DOC0001363,SIN000455,Denuncia,True,True,2024-12-11,False,
DOC0001364,SIN000455,Factura,True,True,2024-12-14,False,
DOC0001365,SIN000455,Informe,True,True,2024-12-12,False,
DOC0001366,SIN000456,Denuncia,True,True,2024-12-20,False,
DOC0001367,SIN000456,Factura,True,True,2024-12-24,False,
DOC0001368,SIN000456,Informe,True,True,2024-12-24,False,
DOC0001369,SIN000457,Denuncia,True,True,2025-05-03,False,
DOC0001370,SIN000457,Factura,True,True,2025-05-03,False,
DOC0001371,SIN000457,Informe,True,True,2025-05-01,False,
DOC0001372,SIN000458,Denuncia,True,True,2025-08-17,False,
DOC0001373,SIN000458,Factura,True,True,2025-08-20,False,
DOC0001374,SIN000458,Informe,True,True,2025-08-20,False,
DOC0001375,SIN000459,Denuncia,True,True,2025-04-08,False,
DOC0001376,SIN000459,Factura,True,True,2025-04-09,False,
DOC0001377,SIN000459,Informe,True,True,2025-04-09,False,
DOC0001378,SIN000460,Denuncia,True,True,2025-02-16,False,
DOC0001379,SIN000460,Factura,True,True,2025-02-13,False,
DOC0001380,SIN000460,Informe,True,True,2025-02-16,False,
DOC0001381,SIN000461,Denuncia,True,True,2025-04-23,False,
DOC0001382,SIN000461,Factura,True,True,2025-04-27,False,
DOC0001383,SIN000461,Informe,True,True,2025-04-26,False,
DOC0001384,SIN000462,Denuncia,True,True,2025-04-08,False,
DOC0001385,SIN000462,Factura,True,True,2025-04-07,False,
DOC0001386,SIN000462,Informe,True,True,2025-04-07,False,
DOC0001387,SIN000463,Denuncia,True,True,2024-12-15,False,
DOC0001388,SIN000463,Factura,True,True,2024-12-18,False,
DOC0001389,SIN000463,Informe,True,True,2024-12-16,False,
DOC0001390,SIN000464,Denuncia,True,True,2024-08-12,False,
DOC0001391,SIN000464,Factura,True,True,2024-08-11,False,
DOC0001392,SIN000464,Informe,True,True,2024-08-13,False,
DOC0001393,SIN000465,Denuncia,True,True,2025-03-02,False,
DOC0001394,SIN000465,Factura,True,True,2025-03-01,False,
DOC0001395,SIN000465,Informe,True,True,2025-03-06,False,
DOC0001396,SIN000466,Denuncia,True,True,2025-01-16,False,
DOC0001397,SIN000466,Factura,True,True,2025-01-14,False,
DOC0001398,SIN000466,Informe,True,True,2025-01-17,False,
DOC0001399,SIN000467,Denuncia,True,True,2025-02-14,False,
DOC0001400,SIN000467,Factura,True,True,2025-02-12,False,
DOC0001401,SIN000467,Informe,True,True,2025-02-17,False,
DOC0001402,SIN000468,Denuncia,True,True,2025-04-01,False,
DOC0001403,SIN000468,Factura,True,True,2025-04-03,False,
DOC0001404,SIN000468,Informe,True,True,2025-04-02,False,
DOC0001405,SIN000469,Denuncia,True,True,2025-02-13,False,
DOC0001406,SIN000469,Factura,True,True,2025-02-11,False,
DOC0001407,SIN000469,Informe,True,True,2025-02-10,False,
DOC0001408,SIN000470,Denuncia,True,True,2025-09-17,False,
DOC0001409,SIN000470,Factura,True,True,2025-09-17,False,
DOC0001410,SIN000470,Informe,True,True,2025-09-18,False,
DOC0001411,SIN000471,Denuncia,True,True,2024-12-20,False,
DOC0001412,SIN000471,Factura,True,True,2024-12-15,False,
DOC0001413,SIN000471,Informe,True,True,2024-12-20,False,
DOC0001414,SIN000472,Denuncia,True,True,2024-04-24,False,
DOC0001415,SIN000472,Factura,True,True,2024-04-21,False,
DOC0001416,SIN000472,Informe,True,True,2024-04-23,False,
DOC0001417,SIN000473,Denuncia,True,True,2024-12-14,False,
DOC0001418,SIN000473,Factura,True,True,2024-12-11,False,
DOC0001419,SIN000473,Informe,True,True,2024-12-15,False,
DOC0001420,SIN000474,Denuncia,True,True,2024-08-21,False,
DOC0001421,SIN000474,Factura,True,True,2024-08-23,False,
DOC0001422,SIN000474,Informe,True,True,2024-08-23,False,
DOC0001423,SIN000475,Denuncia,True,True,2025-02-17,False,
DOC0001424,SIN000475,Factura,True,True,2025-02-14,False,
DOC0001425,SIN000475,Informe,True,True,2025-02-12,False,
DOC0001426,SIN000476,Denuncia,True,True,2024-11-13,False,
DOC0001427,SIN000476,Factura,True,True,2024-11-12,False,
DOC0001428,SIN000476,Informe,True,True,2024-11-12,False,
DOC0001429,SIN000477,Denuncia,True,True,2024-11-23,False,
DOC0001430,SIN000477,Factura,True,True,2024-11-25,False,
DOC0001431,SIN000477,Informe,True,True,2024-11-22,False,
DOC0001432,SIN000478,Denuncia,True,True,2024-11-08,False,
DOC0001433,SIN000478,Factura,True,True,2024-11-08,False,
DOC0001434,SIN000478,Informe,True,True,2024-11-09,False,
DOC0001435,SIN000479,Denuncia,True,True,2024-12-28,False,
DOC0001436,SIN000479,Factura,True,True,2024-12-31,False,
DOC0001437,SIN000479,Informe,True,True,2024-12-30,False,
DOC0001438,SIN000480,Denuncia,True,True,2025-07-30,False,
DOC0001439,SIN000480,Factura,True,True,2025-07-29,False,
DOC0001440,SIN000480,Informe,True,True,2025-07-30,False,
DOC0001441,SIN000481,Denuncia,True,True,2024-06-06,False,
DOC0001442,SIN000481,Factura,True,True,2024-06-07,False,
DOC0001443,SIN000481,Informe,True,True,2024-06-06,False,
DOC0001444,SIN000482,Denuncia,True,True,2024-05-29,False,
DOC0001445,SIN000482,Factura,True,True,2024-05-29,False,
DOC0001446,SIN000482,Informe,True,True,2024-05-31,False,
DOC0001447,SIN000483,Denuncia,True,True,2024-07-27,False,
DOC0001448,SIN000483,Factura,True,True,2024-07-25,False,
DOC0001449,SIN000483,Informe,True,True,2024-07-28,False,
DOC0001450,SIN000484,Denuncia,True,True,2025-05-09,False,
DOC0001451,SIN000484,Factura,True,True,2025-05-09,False,
DOC0001452,SIN000484,Informe,True,True,2025-05-06,False,
DOC0001453,SIN000485,Denuncia,True,True,2025-06-04,False,
DOC0001454,SIN000485,Factura,True,True,2025-06-02,False,
DOC0001455,SIN000485,Informe,True,True,2025-05-30,False,
DOC0001456,SIN000486,Denuncia,True,True,2025-03-08,False,
DOC0001457,SIN000486,Factura,True,True,2025-03-07,False,
DOC0001458,SIN000486,Informe,True,True,2025-03-11,False,
DOC0001459,SIN000487,Denuncia,True,True,2024-07-29,False,
DOC0001460,SIN000487,Factura,True,True,2024-07-29,False,
DOC0001461,SIN000487,Informe,True,True,2024-07-26,False,
DOC0001462,SIN000488,Denuncia,True,True,2025-04-24,False,
DOC0001463,SIN000488,Factura,True,True,2025-04-24,False,
DOC0001464,SIN000488,Informe,True,True,2025-04-23,False,
DOC0001465,SIN000489,Denuncia,True,True,2025-02-21,False,
DOC0001466,SIN000489,Factura,True,True,2025-02-24,False,
DOC0001467,SIN000489,Informe,True,True,2025-02-24,False,
DOC0001468,SIN000490,Denuncia,True,True,2024-05-13,False,
DOC0001469,SIN000490,Factura,True,True,2024-05-13,False,
DOC0001470,SIN000490,Informe,True,True,2024-05-11,False,
DOC0001471,SIN000491,Denuncia,True,True,2025-08-13,False,
DOC0001472,SIN000491,Factura,True,True,2025-08-18,False,
DOC0001473,SIN000491,Informe,True,True,2025-08-16,False,
DOC0001474,SIN000492,Denuncia,True,True,2025-05-14,False,
DOC0001475,SIN000492,Factura,True,True,2025-05-09,False,
DOC0001476,SIN000492,Informe,True,True,2025-05-09,False,
DOC0001477,SIN000493,Denuncia,True,True,2024-12-02,False,
DOC0001478,SIN000493,Factura,True,True,2024-12-02,False,
DOC0001479,SIN000493,Informe,True,True,2024-12-06,False,
DOC0001480,SIN000494,Denuncia,True,True,2025-06-03,False,
DOC0001481,SIN000494,Factura,True,True,2025-06-04,False,
DOC0001482,SIN000494,Informe,True,True,2025-06-03,False,
DOC0001483,SIN000495,Denuncia,True,True,2025-05-02,False,
DOC0001484,SIN000495,Factura,True,True,2025-05-06,False,
DOC0001485,SIN000495,Informe,True,True,2025-05-03,False,
DOC0001486,SIN000496,Denuncia,True,True,2025-06-27,False,
DOC0001487,SIN000496,Factura,True,True,2025-06-27,False,
DOC0001488,SIN000496,Informe,True,True,2025-06-26,False,
DOC0001489,SIN000497,Denuncia,True,True,2025-06-29,False,
DOC0001490,SIN000497,Factura,True,True,2025-06-30,False,
DOC0001491,SIN000497,Informe,True,True,2025-06-28,False,
DOC0001492,SIN000498,Denuncia,True,True,2025-01-26,False,
DOC0001493,SIN000498,Factura,True,True,2025-01-25,False,
DOC0001494,SIN000498,Informe,True,True,2025-01-30,False,
DOC0001495,SIN000499,Denuncia,True,True,2024-11-16,False,
DOC0001496,SIN000499,Factura,True,True,2024-11-17,False,
DOC0001497,SIN000499,Informe,True,True,2024-11-20,False,
DOC0001498,SIN000500,Denuncia,True,True,2024-10-24,False,
DOC0001499,SIN000500,Factura,True,True,2024-10-23,False,
DOC0001500,SIN000500,Informe,True,True,2024-10-24,False,
DOC0001501,SIN000501,Denuncia,True,True,2025-07-16,False,
DOC0001502,SIN000501,Factura,True,True,2025-07-11,False,
DOC0001503,SIN000501,Informe,True,True,2025-07-14,False,
DOC0001504,SIN000502,Denuncia,True,True,2024-12-10,False,
DOC0001505,SIN000502,Factura,True,True,2024-12-11,False,
DOC0001506,SIN000502,Informe,True,True,2024-12-10,False,
DOC0001507,SIN000503,Denuncia,True,True,2024-07-09,False,
DOC0001508,SIN000503,Factura,True,True,2024-07-07,False,
DOC0001509,SIN000503,Informe,True,True,2024-07-10,False,
DOC0001510,SIN000504,Denuncia,True,True,2025-02-18,False,
DOC0001511,SIN000504,Factura,True,True,2025-02-14,False,
DOC0001512,SIN000504,Informe,True,True,2025-02-19,False,
DOC0001513,SIN000505,Denuncia,True,True,2025-03-19,False,
DOC0001514,SIN000505,Factura,True,True,2025-03-18,False,
DOC0001515,SIN000505,Informe,True,True,2025-03-19,False,
DOC0001516,SIN000506,Denuncia,True,True,2024-07-16,False,
DOC0001517,SIN000506,Factura,True,True,2024-07-16,False,
DOC0001518,SIN000506,Informe,True,True,2024-07-13,False,
DOC0001519,SIN000507,Denuncia,True,True,2024-11-08,False,
DOC0001520,SIN000507,Factura,True,True,2024-11-09,False,
DOC0001521,SIN000507,Informe,True,True,2024-11-08,False,
DOC0001522,SIN000508,Denuncia,True,True,2025-09-09,False,
DOC0001523,SIN000508,Factura,True,True,2025-09-11,False,
DOC0001524,SIN000508,Informe,True,True,2025-09-08,False,
DOC0001525,SIN000509,Denuncia,True,True,2025-03-03,False,
DOC0001526,SIN000509,Factura,True,True,2025-03-04,False,
DOC0001527,SIN000509,Informe,True,True,2025-02-28,False,
DOC0001528,SIN000510,Denuncia,True,True,2024-09-02,False,
DOC0001529,SIN000510,Factura,True,True,2024-08-29,False,
DOC0001530,SIN000510,Informe,True,True,2024-08-28,False,
DOC0001531,SIN000511,Denuncia,True,True,2024-11-18,False,
DOC0001532,SIN000511,Factura,True,True,2024-11-22,False,
DOC0001533,SIN000511,Informe,True,True,2024-11-21,False,
DOC0001534,SIN000512,Denuncia,True,True,2024-12-16,False,
DOC0001535,SIN000512,Factura,True,True,2024-12-16,False,
DOC0001536,SIN000512,Informe,True,True,2024-12-18,False,
DOC0001537,SIN000513,Denuncia,True,True,2025-01-23,False,
DOC0001538,SIN000513,Factura,True,True,2025-01-22,False,
DOC0001539,SIN000513,Informe,True,True,2025-01-23,False,
DOC0001540,SIN000514,Denuncia,True,True,2024-11-20,False,
DOC0001541,SIN000514,Factura,True,True,2024-11-17,False,
DOC0001542,SIN000514,Informe,True,True,2024-11-22,False,
DOC0001543,SIN000515,Denuncia,True,True,2024-11-15,False,
DOC0001544,SIN000515,Factura,True,True,2024-11-11,False,
DOC0001545,SIN000515,Informe,True,True,2024-11-13,False,
DOC0001546,SIN000516,Denuncia,True,True,2024-06-01,False,
DOC0001547,SIN000516,Factura,True,True,2024-06-01,False,
DOC0001548,SIN000516,Informe,True,True,2024-06-04,False,
DOC0001549,SIN000517,Denuncia,True,True,2024-07-24,False,
DOC0001550,SIN000517,Factura,True,True,2024-07-25,False,
DOC0001551,SIN000517,Informe,True,True,2024-07-23,False,
DOC0001552,SIN000518,Denuncia,True,True,2024-07-22,False,
DOC0001553,SIN000518,Factura,True,True,2024-07-22,False,
DOC0001554,SIN000518,Informe,True,True,2024-07-23,False,
DOC0001555,SIN000519,Denuncia,True,True,2025-03-23,False,
DOC0001556,SIN000519,Factura,True,True,2025-03-23,False,
DOC0001557,SIN000519,Informe,True,True,2025-03-21,False,
DOC0001558,SIN000520,Denuncia,True,True,2025-08-21,False,
DOC0001559,SIN000520,Factura,True,True,2025-08-20,False,
DOC0001560,SIN000520,Informe,True,True,2025-08-19,False,
DOC0001561,SIN000521,Denuncia,True,True,2025-02-28,False,
DOC0001562,SIN000521,Factura,True,True,2025-02-25,False,
DOC0001563,SIN000521,Informe,True,True,2025-02-26,False,
DOC0001564,SIN000522,Denuncia,True,True,2024-12-01,False,
DOC0001565,SIN000522,Factura,True,True,2024-11-29,False,
DOC0001566,SIN000522,Informe,True,True,2024-11-28,False,
DOC0001567,SIN000523,Denuncia,True,True,2025-01-03,False,
DOC0001568,SIN000523,Factura,True,True,2025-01-02,False,
DOC0001569,SIN000523,Informe,True,True,2025-01-06,False,
DOC0001570,SIN000524,Denuncia,True,True,2025-01-10,False,
DOC0001571,SIN000524,Factura,True,True,2025-01-11,False,
DOC0001572,SIN000524,Informe,True,True,2025-01-11,False,
DOC0001573,SIN000525,Denuncia,True,True,2025-10-27,False,
DOC0001574,SIN000525,Factura,True,True,2025-10-27,False,
DOC0001575,SIN000525,Informe,True,True,2025-10-28,False,
DOC0001576,SIN000526,Denuncia,True,True,2024-09-04,False,
DOC0001577,SIN000526,Factura,True,True,2024-09-03,False,
DOC0001578,SIN000526,Informe,True,True,2024-09-01,False,
DOC0001579,SIN000527,Denuncia,True,True,2024-08-15,False,
DOC0001580,SIN000527,Factura,True,True,2024-08-13,False,
DOC0001581,SIN000527,Informe,True,True,2024-08-14,False,
DOC0001582,SIN000528,Denuncia,True,True,2024-12-05,False,
DOC0001583,SIN000528,Factura,True,True,2024-12-07,False,
DOC0001584,SIN000528,Informe,True,True,2024-12-07,False,
DOC0001585,SIN000529,Denuncia,True,True,2025-04-23,False,
DOC0001586,SIN000529,Factura,True,True,2025-04-22,False,
DOC0001587,SIN000529,Informe,True,True,2025-04-26,False,
DOC0001588,SIN000530,Denuncia,True,True,2024-11-30,False,
DOC0001589,SIN000530,Factura,True,True,2024-12-03,False,
DOC0001590,SIN000530,Informe,True,True,2024-11-28,False,
DOC0001591,SIN000531,Denuncia,True,True,2024-12-29,False,
DOC0001592,SIN000531,Factura,True,True,2024-12-27,False,
DOC0001593,SIN000531,Informe,True,True,2024-12-27,False,
DOC0001594,SIN000532,Denuncia,True,True,2024-04-08,False,
DOC0001595,SIN000532,Factura,True,True,2024-04-11,False,
DOC0001596,SIN000532,Informe,True,True,2024-04-11,False,
DOC0001597,SIN000533,Denuncia,True,True,2024-09-08,False,
DOC0001598,SIN000533,Factura,True,True,2024-09-06,False,
DOC0001599,SIN000533,Informe,True,True,2024-09-04,False,
DOC0001600,SIN000534,Denuncia,True,True,2025-04-12,False,
DOC0001601,SIN000534,Factura,True,True,2025-04-14,False,
DOC0001602,SIN000534,Informe,True,True,2025-04-16,False,
DOC0001603,SIN000535,Denuncia,True,True,2025-04-12,False,
DOC0001604,SIN000535,Factura,True,True,2025-04-16,False,
DOC0001605,SIN000535,Informe,True,True,2025-04-14,False,
DOC0001606,SIN000536,Denuncia,True,True,2025-11-03,False,
DOC0001607,SIN000536,Factura,True,True,2025-11-01,False,
DOC0001608,SIN000536,Informe,True,True,2025-11-01,False,
DOC0001609,SIN000537,Denuncia,True,True,2024-11-22,False,
DOC0001610,SIN000537,Factura,True,True,2024-11-19,False,
DOC0001611,SIN000537,Informe,True,True,2024-11-20,False,
DOC0001612,SIN000538,Denuncia,True,True,2025-07-11,False,
DOC0001613,SIN000538,Factura,True,True,2025-07-11,False,
DOC0001614,SIN000538,Informe,True,True,2025-07-08,False,
DOC0001615,SIN000539,Denuncia,True,True,2024-08-01,False,
DOC0001616,SIN000539,Factura,True,True,2024-08-04,False,
DOC0001617,SIN000539,Informe,True,True,2024-08-01,False,
DOC0001618,SIN000540,Denuncia,True,True,2024-10-28,False,
DOC0001619,SIN000540,Factura,True,True,2024-10-27,False,
DOC0001620,SIN000540,Informe,True,True,2024-10-23,False,
DOC0001621,SIN000541,Denuncia,True,True,2025-05-01,False,
DOC0001622,SIN000541,Factura,True,True,2025-04-28,False,
DOC0001623,SIN000541,Informe,True,True,2025-04-28,False,
DOC0001624,SIN000542,Denuncia,True,True,2024-03-09,False,
DOC0001625,SIN000542,Factura,True,True,2024-03-10,False,
DOC0001626,SIN000542,Informe,True,True,2024-03-11,False,
DOC0001627,SIN000543,Denuncia,True,True,2024-04-13,False,
DOC0001628,SIN000543,Factura,True,True,2024-04-15,False,
DOC0001629,SIN000543,Informe,True,True,2024-04-16,False,
DOC0001630,SIN000544,Denuncia,True,True,2024-10-16,False,
DOC0001631,SIN000544,Factura,True,True,2024-10-17,False,
DOC0001632,SIN000544,Informe,True,True,2024-10-15,False,
DOC0001633,SIN000545,Denuncia,True,True,2025-01-11,False,
DOC0001634,SIN000545,Factura,True,True,2025-01-09,False,
DOC0001635,SIN000545,Informe,True,True,2025-01-14,False,
DOC0001636,SIN000546,Denuncia,True,True,2024-09-21,False,
DOC0001637,SIN000546,Factura,True,True,2024-09-23,False,
DOC0001638,SIN000546,Informe,True,True,2024-09-22,False,
DOC0001639,SIN000547,Denuncia,True,True,2024-10-30,False,
DOC0001640,SIN000547,Factura,True,True,2024-11-02,False,
DOC0001641,SIN000547,Informe,True,True,2024-11-02,False,
DOC0001642,SIN000548,Denuncia,True,True,2025-01-06,False,
DOC0001643,SIN000548,Factura,True,True,2025-01-07,False,
DOC0001644,SIN000548,Informe,True,True,2025-01-06,False,
DOC0001645,SIN000549,Denuncia,True,True,2025-10-23,False,
DOC0001646,SIN000549,Factura,True,True,2025-10-20,False,
DOC0001647,SIN000549,Informe,True,True,2025-10-24,False,
DOC0001648,SIN000550,Denuncia,True,True,2025-10-23,False,
DOC0001649,SIN000550,Factura,True,True,2025-10-19,False,
DOC0001650,SIN000550,Informe,True,True,2025-10-22,False,
DOC0001651,SIN000551,Denuncia,True,True,2025-05-12,False,
DOC0001652,SIN000551,Factura,True,True,2025-05-12,False,
DOC0001653,SIN000551,Informe,True,True,2025-05-15,False,
DOC0001654,SIN000552,Denuncia,True,True,2025-04-30,False,
DOC0001655,SIN000552,Factura,True,True,2025-05-04,False,
DOC0001656,SIN000552,Informe,True,True,2025-04-30,False,
DOC0001657,SIN000553,Denuncia,True,True,2024-10-27,False,
DOC0001658,SIN000553,Factura,True,True,2024-10-26,False,
DOC0001659,SIN000553,Informe,True,True,2024-10-26,False,
DOC0001660,SIN000554,Denuncia,True,True,2024-10-11,False,
DOC0001661,SIN000554,Factura,True,True,2024-10-11,False,
DOC0001662,SIN000554,Informe,True,True,2024-10-08,False,
DOC0001663,SIN000555,Denuncia,True,True,2024-08-29,False,
DOC0001664,SIN000555,Factura,True,True,2024-08-30,False,
DOC0001665,SIN000555,Informe,True,True,2024-08-28,False,
DOC0001666,SIN000556,Denuncia,True,True,2025-03-06,False,
DOC0001667,SIN000556,Factura,True,True,2025-03-06,False,
DOC0001668,SIN000556,Informe,True,True,2025-03-06,False,
DOC0001669,SIN000557,Denuncia,True,True,2025-12-01,False,
DOC0001670,SIN000557,Factura,True,True,2025-12-02,False,
DOC0001671,SIN000557,Informe,True,True,2025-12-04,False,
DOC0001672,SIN000558,Denuncia,True,True,2025-03-01,False,
DOC0001673,SIN000558,Factura,True,True,2025-03-04,False,
DOC0001674,SIN000558,Informe,True,True,2025-03-02,False,
DOC0001675,SIN000559,Denuncia,True,True,2025-07-11,False,
DOC0001676,SIN000559,Factura,True,True,2025-07-12,False,
DOC0001677,SIN000559,Informe,True,True,2025-07-10,False,
DOC0001678,SIN000560,Denuncia,True,True,2024-06-19,False,
DOC0001679,SIN000560,Factura,True,True,2024-06-15,False,
DOC0001680,SIN000560,Informe,True,True,2024-06-18,False,
DOC0001681,SIN000561,Denuncia,True,True,2024-08-28,False,
DOC0001682,SIN000561,Factura,True,True,2024-08-27,False,
DOC0001683,SIN000561,Informe,True,True,2024-08-31,False,
DOC0001684,SIN000562,Denuncia,True,True,2024-10-30,False,
DOC0001685,SIN000562,Factura,True,True,2024-10-30,False,
DOC0001686,SIN000562,Informe,True,True,2024-10-31,False,
DOC0001687,SIN000563,Denuncia,True,True,2024-11-30,False,
DOC0001688,SIN000563,Factura,True,True,2024-12-03,False,
DOC0001689,SIN000563,Informe,True,True,2024-12-05,False,
DOC0001690,SIN000564,Denuncia,True,True,2025-08-08,False,
DOC0001691,SIN000564,Factura,True,True,2025-08-09,False,
DOC0001692,SIN000564,Informe,True,True,2025-08-09,False,
DOC0001693,SIN000565,Denuncia,True,True,2025-07-23,False,
DOC0001694,SIN000565,Factura,True,True,2025-07-20,False,
DOC0001695,SIN000565,Informe,True,True,2025-07-22,False,
DOC0001696,SIN000566,Denuncia,True,True,2025-06-14,False,
DOC0001697,SIN000566,Factura,True,True,2025-06-13,False,
DOC0001698,SIN000566,Informe,True,True,2025-06-11,False,
DOC0001699,SIN000567,Denuncia,True,True,2025-07-07,False,
DOC0001700,SIN000567,Factura,True,True,2025-07-07,False,
DOC0001701,SIN000567,Informe,True,True,2025-07-04,False,
DOC0001702,SIN000568,Denuncia,True,True,2025-06-21,False,
DOC0001703,SIN000568,Factura,True,True,2025-06-20,False,
DOC0001704,SIN000568,Informe,True,True,2025-06-24,False,
DOC0001705,SIN000569,Denuncia,True,True,2025-06-18,False,
DOC0001706,SIN000569,Factura,True,True,2025-06-18,False,
DOC0001707,SIN000569,Informe,True,True,2025-06-14,False,
DOC0001708,SIN000570,Denuncia,True,True,2025-02-09,False,
DOC0001709,SIN000570,Factura,True,True,2025-02-10,False,
DOC0001710,SIN000570,Informe,True,True,2025-02-08,False,
DOC0001711,SIN000571,Denuncia,True,True,2024-12-16,False,
DOC0001712,SIN000571,Factura,True,True,2024-12-15,False,
DOC0001713,SIN000571,Informe,True,True,2024-12-12,False,
DOC0001714,SIN000572,Denuncia,True,True,2024-12-06,False,
DOC0001715,SIN000572,Factura,True,True,2024-12-02,False,
DOC0001716,SIN000572,Informe,True,True,2024-12-02,False,
DOC0001717,SIN000573,Denuncia,True,True,2025-02-19,False,
DOC0001718,SIN000573,Factura,True,True,2025-02-18,False,
DOC0001719,SIN000573,Informe,True,True,2025-02-21,False,
DOC0001720,SIN000574,Denuncia,True,True,2025-08-05,False,
DOC0001721,SIN000574,Factura,True,True,2025-08-06,False,
DOC0001722,SIN000574,Informe,True,True,2025-08-03,False,
DOC0001723,SIN000575,Denuncia,True,True,2025-07-25,False,
DOC0001724,SIN000575,Factura,True,True,2025-07-29,False,
DOC0001725,SIN000575,Informe,True,True,2025-07-28,False,
DOC0001726,SIN000576,Denuncia,True,True,2024-11-26,False,
DOC0001727,SIN000576,Factura,True,True,2024-11-24,False,
DOC0001728,SIN000576,Informe,True,True,2024-11-28,False,
DOC0001729,SIN000577,Denuncia,True,True,2024-08-15,False,
DOC0001730,SIN000577,Factura,True,True,2024-08-17,False,
DOC0001731,SIN000577,Informe,True,True,2024-08-19,False,
DOC0001732,SIN000578,Denuncia,True,True,2025-02-21,False,
DOC0001733,SIN000578,Factura,True,True,2025-02-19,False,
DOC0001734,SIN000578,Informe,True,True,2025-02-17,False,
DOC0001735,SIN000579,Denuncia,True,True,2025-06-21,False,
DOC0001736,SIN000579,Factura,True,True,2025-06-17,False,
DOC0001737,SIN000579,Informe,True,True,2025-06-17,False,
DOC0001738,SIN000580,Denuncia,True,True,2025-04-15,False,
DOC0001739,SIN000580,Factura,True,True,2025-04-15,False,
DOC0001740,SIN000580,Informe,True,True,2025-04-15,False,
DOC0001741,SIN000581,Denuncia,True,True,2025-02-20,False,
DOC0001742,SIN000581,Factura,True,True,2025-02-22,False,
DOC0001743,SIN000581,Informe,True,True,2025-02-20,False,
DOC0001744,SIN000582,Denuncia,True,True,2025-01-01,False,
DOC0001745,SIN000582,Factura,True,True,2024-12-31,False,
DOC0001746,SIN000582,Informe,True,True,2024-12-31,False,
DOC0001747,SIN000583,Denuncia,True,True,2024-12-27,False,
DOC0001748,SIN000583,Factura,True,True,2024-12-27,False,
DOC0001749,SIN000583,Informe,True,True,2024-12-23,False,
DOC0001750,SIN000584,Denuncia,True,True,2025-01-02,False,
DOC0001751,SIN000584,Factura,True,True,2025-01-01,False,
DOC0001752,SIN000584,Informe,True,True,2024-12-31,False,
DOC0001753,SIN000585,Denuncia,True,True,2024-12-01,False,
DOC0001754,SIN000585,Factura,True,True,2024-12-05,False,
DOC0001755,SIN000585,Informe,True,True,2024-12-01,False,
DOC0001756,SIN000586,Denuncia,True,True,2024-05-31,False,
DOC0001757,SIN000586,Factura,True,True,2024-05-27,False,
DOC0001758,SIN000586,Informe,True,True,2024-05-29,False,
DOC0001759,SIN000587,Denuncia,True,True,2024-09-09,False,
DOC0001760,SIN000587,Factura,True,True,2024-09-08,False,
DOC0001761,SIN000587,Informe,True,True,2024-09-07,False,
DOC0001762,SIN000588,Denuncia,True,True,2025-04-16,False,
DOC0001763,SIN000588,Factura,True,True,2025-04-17,False,
DOC0001764,SIN000588,Informe,True,True,2025-04-18,False,
DOC0001765,SIN000589,Denuncia,True,True,2024-05-18,False,
DOC0001766,SIN000589,Factura,True,True,2024-05-18,False,
DOC0001767,SIN000589,Informe,True,True,2024-05-15,False,
DOC0001768,SIN000590,Denuncia,True,True,2025-01-03,False,
DOC0001769,SIN000590,Factura,True,True,2025-01-02,False,
DOC0001770,SIN000590,Informe,True,True,2025-01-04,False,
DOC0001771,SIN000591,Denuncia,True,True,2024-07-14,False,
DOC0001772,SIN000591,Factura,True,True,2024-07-18,False,
DOC0001773,SIN000591,Informe,True,True,2024-07-16,False,
DOC0001774,SIN000592,Denuncia,True,True,2024-09-17,False,
DOC0001775,SIN000592,Factura,True,True,2024-09-15,False,
DOC0001776,SIN000592,Informe,True,True,2024-09-20,False,
DOC0001777,SIN000593,Denuncia,True,True,2025-05-08,False,
DOC0001778,SIN000593,Factura,True,True,2025-05-06,False,
DOC0001779,SIN000593,Informe,True,True,2025-05-07,False,
DOC0001780,SIN000594,Denuncia,True,True,2024-05-26,False,
DOC0001781,SIN000594,Factura,True,True,2024-05-28,False,
DOC0001782,SIN000594,Informe,True,True,2024-05-25,False,
DOC0001783,SIN000595,Denuncia,True,True,2024-09-17,False,
DOC0001784,SIN000595,Factura,True,True,2024-09-22,False,
DOC0001785,SIN000595,Informe,True,True,2024-09-18,False,
DOC0001786,SIN000596,Denuncia,True,True,2024-12-31,False,
DOC0001787,SIN000596,Factura,True,True,2024-12-31,False,
DOC0001788,SIN000596,Informe,True,True,2025-01-01,False,
DOC0001789,SIN000597,Denuncia,True,True,2025-05-29,False,
DOC0001790,SIN000597,Factura,True,True,2025-05-30,False,
DOC0001791,SIN000597,Informe,True,True,2025-05-28,False,
DOC0001792,SIN000598,Denuncia,True,True,2024-12-13,False,
DOC0001793,SIN000598,Factura,True,True,2024-12-11,False,
DOC0001794,SIN000598,Informe,True,True,2024-12-13,False,
DOC0001795,SIN000599,Denuncia,True,True,2025-08-07,False,
DOC0001796,SIN000599,Factura,True,True,2025-08-05,False,
DOC0001797,SIN000599,Informe,True,True,2025-08-09,False,
DOC0001798,SIN000600,Denuncia,True,True,2024-09-28,False,
DOC0001799,SIN000600,Factura,True,True,2024-09-26,False,
DOC0001800,SIN000600,Informe,True,True,2024-09-28,False,
DOC0001801,SIN000601,Denuncia,True,True,2024-11-08,False,
DOC0001802,SIN000601,Factura,True,True,2024-11-12,False,
DOC0001803,SIN000601,Informe,True,True,2024-11-12,False,
DOC0001804,SIN000602,Denuncia,True,True,2025-01-22,False,
DOC0001805,SIN000602,Factura,True,True,2025-01-22,False,
DOC0001806,SIN000602,Informe,True,True,2025-01-19,False,
DOC0001807,SIN000603,Denuncia,True,True,2024-06-29,False,
DOC0001808,SIN000603,Factura,True,True,2024-06-29,False,
DOC0001809,SIN000603,Informe,True,True,2024-07-02,False,
DOC0001810,SIN000604,Denuncia,True,True,2025-08-16,False,
DOC0001811,SIN000604,Factura,True,True,2025-08-14,False,
DOC0001812,SIN000604,Informe,True,True,2025-08-17,False,
DOC0001813,SIN000605,Denuncia,True,True,2024-05-27,False,
DOC0001814,SIN000605,Factura,True,True,2024-05-28,False,
DOC0001815,SIN000605,Informe,True,True,2024-05-29,False,
DOC0001816,SIN000606,Denuncia,True,True,2025-02-02,False,
DOC0001817,SIN000606,Factura,True,True,2025-02-03,False,
DOC0001818,SIN000606,Informe,True,True,2025-02-04,False,
DOC0001819,SIN000607,Denuncia,True,True,2024-10-14,False,
DOC0001820,SIN000607,Factura,True,True,2024-10-12,False,
DOC0001821,SIN000607,Informe,True,True,2024-10-15,False,
DOC0001822,SIN000608,Denuncia,True,True,2025-05-20,False,
DOC0001823,SIN000608,Factura,True,True,2025-05-18,False,
DOC0001824,SIN000608,Informe,True,True,2025-05-19,False,
DOC0001825,SIN000609,Denuncia,True,True,2025-06-08,False,
DOC0001826,SIN000609,Factura,True,True,2025-06-10,False,
DOC0001827,SIN000609,Informe,True,True,2025-06-12,False,
DOC0001828,SIN000610,Denuncia,True,True,2025-02-09,False,
DOC0001829,SIN000610,Factura,True,True,2025-02-08,False,
DOC0001830,SIN000610,Informe,True,True,2025-02-06,False,
DOC0001831,SIN000611,Denuncia,True,True,2024-10-24,False,
DOC0001832,SIN000611,Factura,True,True,2024-10-24,False,
DOC0001833,SIN000611,Informe,True,True,2024-10-27,False,
DOC0001834,SIN000612,Denuncia,True,True,2025-02-28,False,
DOC0001835,SIN000612,Factura,True,True,2025-03-03,False,
DOC0001836,SIN000612,Informe,True,True,2025-03-04,False,
DOC0001837,SIN000613,Denuncia,True,True,2024-10-24,False,
DOC0001838,SIN000613,Factura,True,True,2024-10-21,False,
DOC0001839,SIN000613,Informe,True,True,2024-10-20,False,
DOC0001840,SIN000614,Denuncia,True,True,2025-06-13,False,
DOC0001841,SIN000614,Factura,True,True,2025-06-14,False,
DOC0001842,SIN000614,Informe,True,True,2025-06-14,False,
DOC0001843,SIN000615,Denuncia,True,True,2024-01-31,False,
DOC0001844,SIN000615,Factura,True,True,2024-01-28,False,
DOC0001845,SIN000615,Informe,True,True,2024-01-30,False,
DOC0001846,SIN000616,Denuncia,True,True,2025-02-25,False,
DOC0001847,SIN000616,Factura,True,True,2025-02-25,False,
DOC0001848,SIN000616,Informe,True,True,2025-03-01,False,
DOC0001849,SIN000617,Denuncia,True,True,2024-07-15,False,
DOC0001850,SIN000617,Factura,True,True,2024-07-15,False,
DOC0001851,SIN000617,Informe,True,True,2024-07-15,False,
DOC0001852,SIN000618,Denuncia,True,True,2025-08-03,False,
DOC0001853,SIN000618,Factura,True,True,2025-08-03,False,
DOC0001854,SIN000618,Informe,True,True,2025-08-05,False,
DOC0001855,SIN000619,Denuncia,True,True,2024-10-11,False,
DOC0001856,SIN000619,Factura,True,True,2024-10-10,False,
DOC0001857,SIN000619,Informe,True,True,2024-10-07,False,
DOC0001858,SIN000620,Denuncia,True,True,2024-12-25,False,
DOC0001859,SIN000620,Factura,True,True,2024-12-22,False,
DOC0001860,SIN000620,Informe,True,True,2024-12-25,False,
DOC0001861,SIN000621,Denuncia,True,True,2024-02-14,False,
DOC0001862,SIN000621,Factura,True,True,2024-02-17,False,
DOC0001863,SIN000621,Informe,True,True,2024-02-12,False,
DOC0001864,SIN000622,Denuncia,True,True,2024-07-09,False,
DOC0001865,SIN000622,Factura,True,True,2024-07-07,False,
DOC0001866,SIN000622,Informe,True,True,2024-07-09,False,
DOC0001867,SIN000623,Denuncia,True,True,2024-11-17,False,
DOC0001868,SIN000623,Factura,True,True,2024-11-13,False,
DOC0001869,SIN000623,Informe,True,True,2024-11-15,False,
DOC0001870,SIN000624,Denuncia,True,True,2025-09-10,False,
DOC0001871,SIN000624,Factura,True,True,2025-09-09,False,
DOC0001872,SIN000624,Informe,True,True,2025-09-11,False,
DOC0001873,SIN000625,Denuncia,True,True,2024-11-08,False,
DOC0001874,SIN000625,Factura,True,True,2024-11-09,False,
DOC0001875,SIN000625,Informe,True,True,2024-11-12,False,
DOC0001876,SIN000626,Denuncia,True,True,2025-08-15,False,
DOC0001877,SIN000626,Factura,True,True,2025-08-14,False,
DOC0001878,SIN000626,Informe,True,True,2025-08-13,False,
DOC0001879,SIN000627,Denuncia,True,True,2024-06-18,False,
DOC0001880,SIN000627,Factura,True,True,2024-06-17,False,
DOC0001881,SIN000627,Informe,True,True,2024-06-18,False,
DOC0001882,SIN000628,Denuncia,True,True,2025-02-08,False,
DOC0001883,SIN000628,Factura,True,True,2025-02-07,False,
DOC0001884,SIN000628,Informe,True,True,2025-02-09,False,
DOC0001885,SIN000629,Denuncia,True,True,2024-08-22,False,
DOC0001886,SIN000629,Factura,True,True,2024-08-24,False,
DOC0001887,SIN000629,Informe,True,True,2024-08-24,False,
DOC0001888,SIN000630,Denuncia,True,True,2024-08-05,False,
DOC0001889,SIN000630,Factura,True,True,2024-08-02,False,
DOC0001890,SIN000630,Informe,True,True,2024-08-07,False,
DOC0001891,SIN000631,Denuncia,True,True,2025-04-26,False,
DOC0001892,SIN000631,Factura,True,True,2025-04-29,False,
DOC0001893,SIN000631,Informe,True,True,2025-04-29,False,
DOC0001894,SIN000632,Denuncia,True,True,2024-11-04,False,
DOC0001895,SIN000632,Factura,True,True,2024-11-03,False,
DOC0001896,SIN000632,Informe,True,True,2024-11-03,False,
DOC0001897,SIN000633,Denuncia,True,True,2025-10-20,False,
DOC0001898,SIN000633,Factura,True,True,2025-10-18,False,
DOC0001899,SIN000633,Informe,True,True,2025-10-18,False,
DOC0001900,SIN000634,Denuncia,True,True,2024-07-09,False,
DOC0001901,SIN000634,Factura,True,True,2024-07-09,False,
DOC0001902,SIN000634,Informe,True,True,2024-07-09,False,
DOC0001903,SIN000635,Denuncia,True,True,2024-12-05,False,
DOC0001904,SIN000635,Factura,True,True,2024-12-09,False,
DOC0001905,SIN000635,Informe,True,True,2024-12-07,False,
DOC0001906,SIN000636,Denuncia,True,True,2024-12-20,False,
DOC0001907,SIN000636,Factura,True,True,2024-12-21,False,
DOC0001908,SIN000636,Informe,True,True,2024-12-23,False,
DOC0001909,SIN000637,Denuncia,True,True,2024-09-11,False,
DOC0001910,SIN000637,Factura,True,True,2024-09-06,False,
DOC0001911,SIN000637,Informe,True,True,2024-09-08,False,
DOC0001912,SIN000638,Denuncia,True,True,2024-11-26,False,
DOC0001913,SIN000638,Factura,True,True,2024-11-26,False,
DOC0001914,SIN000638,Informe,True,True,2024-11-25,False,
DOC0001915,SIN000639,Denuncia,True,True,2024-11-23,False,
DOC0001916,SIN000639,Factura,True,True,2024-11-24,False,
DOC0001917,SIN000639,Informe,True,True,2024-11-26,False,
DOC0001918,SIN000640,Denuncia,True,True,2025-03-07,False,
DOC0001919,SIN000640,Factura,True,True,2025-03-08,False,
DOC0001920,SIN000640,Informe,True,True,2025-03-10,False,
DOC0001921,SIN000641,Denuncia,True,True,2025-05-08,False,
DOC0001922,SIN000641,Factura,True,True,2025-05-11,False,
DOC0001923,SIN000641,Informe,True,True,2025-05-06,False,
DOC0001924,SIN000642,Denuncia,True,True,2024-11-05,False,
DOC0001925,SIN000642,Factura,True,True,2024-11-05,False,
DOC0001926,SIN000642,Informe,True,True,2024-11-06,False,
DOC0001927,SIN000643,Denuncia,True,True,2024-10-13,False,
DOC0001928,SIN000643,Factura,True,True,2024-10-15,False,
DOC0001929,SIN000643,Informe,True,True,2024-10-13,False,
DOC0001930,SIN000644,Denuncia,True,True,2024-07-23,False,
DOC0001931,SIN000644,Factura,True,True,2024-07-22,False,
DOC0001932,SIN000644,Informe,True,True,2024-07-19,False,
DOC0001933,SIN000645,Denuncia,True,True,2024-10-08,False,
DOC0001934,SIN000645,Factura,True,True,2024-10-09,False,
DOC0001935,SIN000645,Informe,True,True,2024-10-04,False,
DOC0001936,SIN000646,Denuncia,True,True,2025-03-17,False,
DOC0001937,SIN000646,Factura,True,True,2025-03-15,False,
DOC0001938,SIN000646,Informe,True,True,2025-03-17,False,
DOC0001939,SIN000647,Denuncia,True,True,2025-09-21,False,
DOC0001940,SIN000647,Factura,True,True,2025-09-20,False,
DOC0001941,SIN000647,Informe,True,True,2025-09-23,False,
DOC0001942,SIN000648,Denuncia,True,True,2024-04-13,False,
DOC0001943,SIN000648,Factura,True,True,2024-04-15,False,
DOC0001944,SIN000648,Informe,True,True,2024-04-14,False,
DOC0001945,SIN000649,Denuncia,True,True,2024-08-09,False,
DOC0001946,SIN000649,Factura,True,True,2024-08-04,False,
DOC0001947,SIN000649,Informe,True,True,2024-08-04,False,
DOC0001948,SIN000650,Denuncia,True,True,2024-06-17,False,
DOC0001949,SIN000650,Factura,True,True,2024-06-18,False,
DOC0001950,SIN000650,Informe,True,True,2024-06-14,False,
DOC0001951,SIN000651,Denuncia,True,True,2024-12-29,False,
DOC0001952,SIN000651,Factura,True,True,2024-12-28,False,
DOC0001953,SIN000651,Informe,True,True,2024-12-31,False,
DOC0001954,SIN000652,Denuncia,True,True,2024-09-10,False,
DOC0001955,SIN000652,Factura,True,True,2024-09-08,False,
DOC0001956,SIN000652,Informe,True,True,2024-09-08,False,
DOC0001957,SIN000653,Denuncia,True,True,2024-03-04,False,
DOC0001958,SIN000653,Factura,True,True,2024-03-07,False,
DOC0001959,SIN000653,Informe,True,True,2024-03-08,False,
DOC0001960,SIN000654,Denuncia,True,True,2024-12-16,False,
DOC0001961,SIN000654,Factura,True,True,2024-12-17,False,
DOC0001962,SIN000654,Informe,True,True,2024-12-12,False,
DOC0001963,SIN000655,Denuncia,True,True,2024-08-24,False,
DOC0001964,SIN000655,Factura,True,True,2024-08-24,False,
DOC0001965,SIN000655,Informe,True,True,2024-08-26,False,
DOC0001966,SIN000656,Denuncia,True,True,2024-05-26,False,
DOC0001967,SIN000656,Factura,True,True,2024-05-28,False,
DOC0001968,SIN000656,Informe,True,True,2024-05-25,False,
DOC0001969,SIN000657,Denuncia,True,True,2025-07-20,False,
DOC0001970,SIN000657,Factura,True,True,2025-07-21,False,
DOC0001971,SIN000657,Informe,True,True,2025-07-17,False,
DOC0001972,SIN000658,Denuncia,True,True,2024-10-29,False,
DOC0001973,SIN000658,Factura,True,True,2024-10-30,False,
DOC0001974,SIN000658,Informe,True,True,2024-10-30,False,
DOC0001975,SIN000659,Denuncia,True,True,2025-01-25,False,
DOC0001976,SIN000659,Factura,True,True,2025-01-25,False,
DOC0001977,SIN000659,Informe,True,True,2025-01-26,False,
DOC0001978,SIN000660,Denuncia,True,True,2024-02-21,False,
DOC0001979,SIN000660,Factura,True,True,2024-02-20,False,
DOC0001980,SIN000660,Informe,True,True,2024-02-20,False,
DOC0001981,SIN000661,Denuncia,True,True,2025-01-13,False,
DOC0001982,SIN000661,Factura,True,True,2025-01-13,False,
DOC0001983,SIN000661,Informe,True,True,2025-01-12,False,
DOC0001984,SIN000662,Denuncia,True,True,2024-12-22,False,
DOC0001985,SIN000662,Factura,True,True,2024-12-25,False,
DOC0001986,SIN000662,Informe,True,True,2024-12-24,False,
DOC0001987,SIN000663,Denuncia,True,True,2025-04-20,False,
DOC0001988,SIN000663,Factura,True,True,2025-04-18,False,
DOC0001989,SIN000663,Informe,True,True,2025-04-18,False,
DOC0001990,SIN000664,Denuncia,True,True,2024-09-16,False,
DOC0001991,SIN000664,Factura,True,True,2024-09-17,False,
DOC0001992,SIN000664,Informe,True,True,2024-09-20,False,
DOC0001993,SIN000665,Denuncia,True,True,2024-09-06,False,
DOC0001994,SIN000665,Factura,True,True,2024-09-06,False,
DOC0001995,SIN000665,Informe,True,True,2024-09-04,False,
DOC0001996,SIN000666,Denuncia,True,True,2025-03-16,False,
DOC0001997,SIN000666,Factura,True,True,2025-03-11,False,
DOC0001998,SIN000666,Informe,True,True,2025-03-14,False,
DOC0001999,SIN000667,Denuncia,True,True,2024-10-20,False,
DOC0002000,SIN000667,Factura,True,True,2024-10-21,False,
DOC0002001,SIN000667,Informe,True,True,2024-10-21,False,
DOC0002002,SIN000668,Denuncia,True,True,2025-02-18,False,
DOC0002003,SIN000668,Factura,True,True,2025-02-18,False,
DOC0002004,SIN000668,Informe,True,True,2025-02-17,False,
DOC0002005,SIN000669,Denuncia,True,True,2025-07-22,False,
DOC0002006,SIN000669,Factura,True,True,2025-07-25,False,
DOC0002007,SIN000669,Informe,True,True,2025-07-21,False,
DOC0002008,SIN000670,Denuncia,True,True,2025-05-29,False,
DOC0002009,SIN000670,Factura,True,True,2025-05-30,False,
DOC0002010,SIN000670,Informe,True,True,2025-05-31,False,
DOC0002011,SIN000671,Denuncia,True,True,2024-04-20,False,
DOC0002012,SIN000671,Factura,True,True,2024-04-22,False,
DOC0002013,SIN000671,Informe,True,True,2024-04-18,False,
DOC0002014,SIN000672,Denuncia,True,True,2025-03-22,False,
DOC0002015,SIN000672,Factura,True,True,2025-03-19,False,
DOC0002016,SIN000672,Informe,True,True,2025-03-21,False,
DOC0002017,SIN000673,Denuncia,True,True,2025-02-07,False,
DOC0002018,SIN000673,Factura,True,True,2025-02-07,False,
DOC0002019,SIN000673,Informe,True,True,2025-02-07,False,
DOC0002020,SIN000674,Denuncia,True,True,2025-06-14,False,
DOC0002021,SIN000674,Factura,True,True,2025-06-15,False,
DOC0002022,SIN000674,Informe,True,True,2025-06-13,False,
DOC0002023,SIN000675,Denuncia,True,True,2024-12-03,False,
DOC0002024,SIN000675,Factura,True,True,2024-11-28,False,
DOC0002025,SIN000675,Informe,True,True,2024-11-28,False,
DOC0002026,SIN000676,Denuncia,True,True,2024-07-20,False,
DOC0002027,SIN000676,Factura,True,True,2024-07-18,False,
DOC0002028,SIN000676,Informe,True,True,2024-07-20,False,
DOC0002029,SIN000677,Denuncia,True,True,2025-01-18,False,
DOC0002030,SIN000677,Factura,True,True,2025-01-23,False,
DOC0002031,SIN000677,Informe,True,True,2025-01-18,False,
DOC0002032,SIN000678,Denuncia,True,True,2024-07-05,False,
DOC0002033,SIN000678,Factura,True,True,2024-07-08,False,
DOC0002034,SIN000678,Informe,True,True,2024-07-07,False,
DOC0002035,SIN000679,Denuncia,True,True,2025-07-15,False,
DOC0002036,SIN000679,Factura,True,True,2025-07-13,False,
DOC0002037,SIN000679,Informe,True,True,2025-07-18,False,
DOC0002038,SIN000680,Denuncia,True,True,2024-12-11,False,
DOC0002039,SIN000680,Factura,True,True,2024-12-12,False,
DOC0002040,SIN000680,Informe,True,True,2024-12-07,False,
DOC0002041,SIN000681,Denuncia,True,True,2024-12-10,False,
DOC0002042,SIN000681,Factura,True,True,2024-12-13,False,
DOC0002043,SIN000681,Informe,True,True,2024-12-11,False,
DOC0002044,SIN000682,Denuncia,True,True,2025-04-07,False,
DOC0002045,SIN000682,Factura,True,True,2025-04-12,False,
DOC0002046,SIN000682,Informe,True,True,2025-04-10,False,
DOC0002047,SIN000683,Denuncia,True,True,2024-10-26,False,
DOC0002048,SIN000683,Factura,True,True,2024-10-26,False,
DOC0002049,SIN000683,Informe,True,True,2024-10-23,False,
DOC0002050,SIN000684,Denuncia,True,True,2024-06-19,False,
DOC0002051,SIN000684,Factura,True,True,2024-06-16,False,
DOC0002052,SIN000684,Informe,True,True,2024-06-15,False,
DOC0002053,SIN000685,Denuncia,True,True,2025-03-20,False,
DOC0002054,SIN000685,Factura,True,True,2025-03-20,False,
DOC0002055,SIN000685,Informe,True,True,2025-03-19,False,
DOC0002056,SIN000686,Denuncia,True,True,2025-01-11,False,
DOC0002057,SIN000686,Factura,True,True,2025-01-10,False,
DOC0002058,SIN000686,Informe,True,True,2025-01-11,False,
DOC0002059,SIN000687,Denuncia,True,True,2024-11-02,False,
DOC0002060,SIN000687,Factura,True,True,2024-11-02,False,
DOC0002061,SIN000687,Informe,True,True,2024-11-02,False,
DOC0002062,SIN000688,Denuncia,True,True,2024-11-16,False,
DOC0002063,SIN000688,Factura,True,True,2024-11-15,False,
DOC0002064,SIN000688,Informe,True,True,2024-11-13,False,
DOC0002065,SIN000689,Denuncia,True,True,2025-04-14,False,
DOC0002066,SIN000689,Factura,True,True,2025-04-14,False,
DOC0002067,SIN000689,Informe,True,True,2025-04-11,False,
DOC0002068,SIN000690,Denuncia,True,True,2025-05-06,False,
DOC0002069,SIN000690,Factura,True,True,2025-05-11,False,
DOC0002070,SIN000690,Informe,True,True,2025-05-07,False,
DOC0002071,SIN000691,Denuncia,True,True,2025-01-05,False,
DOC0002072,SIN000691,Factura,True,True,2025-01-03,False,
DOC0002073,SIN000691,Informe,True,True,2025-01-01,False,
DOC0002074,SIN000692,Denuncia,True,True,2024-12-08,False,
DOC0002075,SIN000692,Factura,True,True,2024-12-07,False,
DOC0002076,SIN000692,Informe,True,True,2024-12-06,False,
DOC0002077,SIN000693,Denuncia,True,True,2024-06-26,False,
DOC0002078,SIN000693,Factura,True,True,2024-06-24,False,
DOC0002079,SIN000693,Informe,True,True,2024-06-22,False,
DOC0002080,SIN000694,Denuncia,True,True,2025-03-03,False,
DOC0002081,SIN000694,Factura,True,True,2025-03-04,False,
DOC0002082,SIN000694,Informe,True,True,2025-03-01,False,
DOC0002083,SIN000695,Denuncia,True,True,2025-01-27,False,
DOC0002084,SIN000695,Factura,True,True,2025-01-24,False,
DOC0002085,SIN000695,Informe,True,True,2025-01-28,False,
DOC0002086,SIN000696,Denuncia,True,True,2024-06-13,False,
DOC0002087,SIN000696,Factura,True,True,2024-06-17,False,
DOC0002088,SIN000696,Informe,True,True,2024-06-13,False,
DOC0002089,SIN000697,Denuncia,True,True,2025-02-03,False,
DOC0002090,SIN000697,Factura,True,True,2025-02-07,False,
DOC0002091,SIN000697,Informe,True,True,2025-02-05,False,
DOC0002092,SIN000698,Denuncia,True,True,2025-05-09,False,
DOC0002093,SIN000698,Factura,True,True,2025-05-11,False,
DOC0002094,SIN000698,Informe,True,True,2025-05-14,False,
DOC0002095,SIN000699,Denuncia,True,True,2024-12-14,False,
DOC0002096,SIN000699,Factura,True,True,2024-12-13,False,
DOC0002097,SIN000699,Informe,True,True,2024-12-11,False,
DOC0002098,SIN000700,Denuncia,True,True,2024-09-17,False,
DOC0002099,SIN000700,Factura,True,True,2024-09-16,False,
DOC0002100,SIN000700,Informe,True,True,2024-09-16,False,
DOC0002101,SIN000701,Denuncia,True,True,2024-04-06,False,
DOC0002102,SIN000701,Factura,True,True,2024-04-05,False,
DOC0002103,SIN000701,Informe,True,True,2024-04-05,False,
DOC0002104,SIN000702,Denuncia,True,True,2025-07-27,False,
DOC0002105,SIN000702,Factura,True,True,2025-07-27,False,
DOC0002106,SIN000702,Informe,True,True,2025-07-23,False,
DOC0002107,SIN000703,Denuncia,True,True,2025-07-09,False,
DOC0002108,SIN000703,Factura,True,True,2025-07-07,False,
DOC0002109,SIN000703,Informe,True,True,2025-07-07,False,
DOC0002110,SIN000704,Denuncia,True,True,2025-01-04,False,
DOC0002111,SIN000704,Factura,True,True,2025-01-08,False,
DOC0002112,SIN000704,Informe,True,True,2025-01-05,False,
DOC0002113,SIN000705,Denuncia,True,True,2025-06-28,False,
DOC0002114,SIN000705,Factura,True,True,2025-06-27,False,
DOC0002115,SIN000705,Informe,True,True,2025-06-26,False,
DOC0002116,SIN000706,Denuncia,True,True,2025-03-01,False,
DOC0002117,SIN000706,Factura,True,True,2025-03-02,False,
DOC0002118,SIN000706,Informe,True,True,2025-02-27,False,
DOC0002119,SIN000707,Denuncia,True,True,2024-04-03,False,
DOC0002120,SIN000707,Factura,True,True,2024-03-31,False,
DOC0002121,SIN000707,Informe,True,True,2024-04-02,False,
DOC0002122,SIN000708,Denuncia,True,True,2024-08-27,False,
DOC0002123,SIN000708,Factura,True,True,2024-08-22,False,
DOC0002124,SIN000708,Informe,True,True,2024-08-27,False,
DOC0002125,SIN000709,Denuncia,True,True,2025-01-17,False,
DOC0002126,SIN000709,Factura,True,True,2025-01-17,False,
DOC0002127,SIN000709,Informe,True,True,2025-01-19,False,
DOC0002128,SIN000710,Denuncia,True,True,2025-06-29,False,
DOC0002129,SIN000710,Factura,True,True,2025-06-28,False,
DOC0002130,SIN000710,Informe,True,True,2025-06-30,False,
DOC0002131,SIN000711,Denuncia,True,True,2024-12-10,False,
DOC0002132,SIN000711,Factura,True,True,2024-12-07,False,
DOC0002133,SIN000711,Informe,True,True,2024-12-09,False,
DOC0002134,SIN000712,Denuncia,True,True,2025-05-04,False,
DOC0002135,SIN000712,Factura,True,True,2025-05-04,False,
DOC0002136,SIN000712,Informe,True,True,2025-05-02,False,
DOC0002137,SIN000713,Denuncia,True,True,2025-08-16,False,
DOC0002138,SIN000713,Factura,True,True,2025-08-15,False,
DOC0002139,SIN000713,Informe,True,True,2025-08-20,False,
DOC0002140,SIN000714,Denuncia,True,True,2024-04-17,False,
DOC0002141,SIN000714,Factura,True,True,2024-04-19,False,
DOC0002142,SIN000714,Informe,True,True,2024-04-20,False,
DOC0002143,SIN000715,Denuncia,True,True,2025-04-24,False,
DOC0002144,SIN000715,Factura,True,True,2025-04-28,False,
DOC0002145,SIN000715,Informe,True,True,2025-04-29,False,
DOC0002146,SIN000716,Denuncia,True,True,2025-05-14,False,
DOC0002147,SIN000716,Factura,True,True,2025-05-14,False,
DOC0002148,SIN000716,Informe,True,True,2025-05-17,False,
DOC0002149,SIN000717,Denuncia,True,True,2025-07-09,False,
DOC0002150,SIN000717,Factura,True,True,2025-07-06,False,
DOC0002151,SIN000717,Informe,True,True,2025-07-08,False,
DOC0002152,SIN000718,Denuncia,True,True,2025-06-29,False,
DOC0002153,SIN000718,Factura,True,True,2025-06-29,False,
DOC0002154,SIN000718,Informe,True,True,2025-06-30,False,
DOC0002155,SIN000719,Denuncia,True,True,2025-02-05,False,
DOC0002156,SIN000719,Factura,True,True,2025-02-05,False,
DOC0002157,SIN000719,Informe,True,True,2025-02-01,False,
DOC0002158,SIN000720,Denuncia,True,True,2024-12-07,False,
DOC0002159,SIN000720,Factura,True,True,2024-12-05,False,
DOC0002160,SIN000720,Informe,True,True,2024-12-08,False,
DOC0002161,SIN000721,Denuncia,True,True,2024-10-04,False,
DOC0002162,SIN000721,Factura,True,True,2024-10-06,False,
DOC0002163,SIN000721,Informe,True,True,2024-10-03,False,
DOC0002164,SIN000722,Denuncia,True,True,2025-04-04,False,
DOC0002165,SIN000722,Factura,True,True,2025-04-04,False,
DOC0002166,SIN000722,Informe,True,True,2025-04-01,False,
DOC0002167,SIN000723,Denuncia,True,True,2025-09-10,False,
DOC0002168,SIN000723,Factura,True,True,2025-09-08,False,
DOC0002169,SIN000723,Informe,True,True,2025-09-10,False,
DOC0002170,SIN000724,Denuncia,True,True,2025-11-11,False,
DOC0002171,SIN000724,Factura,True,True,2025-11-07,False,
DOC0002172,SIN000724,Informe,True,True,2025-11-11,False,
DOC0002173,SIN000725,Denuncia,True,True,2024-04-08,False,
DOC0002174,SIN000725,Factura,True,True,2024-04-11,False,
DOC0002175,SIN000725,Informe,True,True,2024-04-08,False,
DOC0002176,SIN000726,Denuncia,True,True,2025-01-11,False,
DOC0002177,SIN000726,Factura,True,True,2025-01-09,False,
DOC0002178,SIN000726,Informe,True,True,2025-01-09,False,
DOC0002179,SIN000727,Denuncia,True,True,2025-02-02,False,
DOC0002180,SIN000727,Factura,True,True,2025-02-03,False,
DOC0002181,SIN000727,Informe,True,True,2025-02-04,False,
DOC0002182,SIN000728,Denuncia,True,True,2025-08-18,False,
DOC0002183,SIN000728,Factura,True,True,2025-08-15,False,
DOC0002184,SIN000728,Informe,True,True,2025-08-17,False,
DOC0002185,SIN000729,Denuncia,True,True,2024-10-23,False,
DOC0002186,SIN000729,Factura,True,True,2024-10-24,False,
DOC0002187,SIN000729,Informe,True,True,2024-10-20,False,
DOC0002188,SIN000730,Denuncia,True,True,2024-11-28,False,
DOC0002189,SIN000730,Factura,True,True,2024-11-24,False,
DOC0002190,SIN000730,Informe,True,True,2024-11-28,False,
DOC0002191,SIN000731,Denuncia,True,True,2025-01-04,False,
DOC0002192,SIN000731,Factura,True,True,2025-01-05,False,
DOC0002193,SIN000731,Informe,True,True,2025-01-04,False,
DOC0002194,SIN000732,Denuncia,True,True,2025-10-07,False,
DOC0002195,SIN000732,Factura,True,True,2025-10-09,False,
DOC0002196,SIN000732,Informe,True,True,2025-10-07,False,
DOC0002197,SIN000733,Denuncia,True,True,2025-06-24,False,
DOC0002198,SIN000733,Factura,True,True,2025-06-24,False,
DOC0002199,SIN000733,Informe,True,True,2025-06-20,False,
DOC0002200,SIN000734,Denuncia,True,True,2024-05-17,False,
DOC0002201,SIN000734,Factura,True,True,2024-05-13,False,
DOC0002202,SIN000734,Informe,True,True,2024-05-14,False,
DOC0002203,SIN000735,Denuncia,True,True,2024-10-05,False,
DOC0002204,SIN000735,Factura,True,True,2024-10-04,False,
DOC0002205,SIN000735,Informe,True,True,2024-10-09,False,
DOC0002206,SIN000736,Denuncia,True,True,2025-04-09,False,
DOC0002207,SIN000736,Factura,True,True,2025-04-10,False,
DOC0002208,SIN000736,Informe,True,True,2025-04-08,False,
DOC0002209,SIN000737,Denuncia,True,True,2025-07-09,False,
DOC0002210,SIN000737,Factura,True,True,2025-07-13,False,
DOC0002211,SIN000737,Informe,True,True,2025-07-09,False,
DOC0002212,SIN000738,Denuncia,True,True,2024-04-28,False,
DOC0002213,SIN000738,Factura,True,True,2024-04-29,False,
DOC0002214,SIN000738,Informe,True,True,2024-05-01,False,
DOC0002215,SIN000739,Denuncia,True,True,2024-11-14,False,
DOC0002216,SIN000739,Factura,True,True,2024-11-13,False,
DOC0002217,SIN000739,Informe,True,True,2024-11-14,False,
DOC0002218,SIN000740,Denuncia,True,True,2025-02-15,False,
DOC0002219,SIN000740,Factura,True,True,2025-02-17,False,
DOC0002220,SIN000740,Informe,True,True,2025-02-16,False,
DOC0002221,SIN000741,Denuncia,True,True,2024-11-02,False,
DOC0002222,SIN000741,Factura,True,True,2024-11-05,False,
DOC0002223,SIN000741,Informe,True,True,2024-11-05,False,
DOC0002224,SIN000742,Denuncia,True,True,2024-11-10,False,
DOC0002225,SIN000742,Factura,True,True,2024-11-10,False,
DOC0002226,SIN000742,Informe,True,True,2024-11-09,False,
DOC0002227,SIN000743,Denuncia,True,True,2024-04-17,False,
DOC0002228,SIN000743,Factura,True,True,2024-04-17,False,
DOC0002229,SIN000743,Informe,True,True,2024-04-22,False,
DOC0002230,SIN000744,Denuncia,True,True,2024-12-05,False,
DOC0002231,SIN000744,Factura,True,True,2024-12-01,False,
DOC0002232,SIN000744,Informe,True,True,2024-12-02,False,
DOC0002233,SIN000745,Denuncia,True,True,2025-08-22,False,
DOC0002234,SIN000745,Factura,True,True,2025-08-24,False,
DOC0002235,SIN000745,Informe,True,True,2025-08-22,False,
DOC0002236,SIN000746,Denuncia,True,True,2025-01-24,False,
DOC0002237,SIN000746,Factura,True,True,2025-01-20,False,
DOC0002238,SIN000746,Informe,True,True,2025-01-20,False,
DOC0002239,SIN000747,Denuncia,True,True,2024-06-08,False,
DOC0002240,SIN000747,Factura,True,True,2024-06-08,False,
DOC0002241,SIN000747,Informe,True,True,2024-06-06,False,
DOC0002242,SIN000748,Denuncia,True,True,2025-03-31,False,
DOC0002243,SIN000748,Factura,True,True,2025-03-30,False,
DOC0002244,SIN000748,Informe,True,True,2025-03-26,False,
DOC0002245,SIN000749,Denuncia,True,True,2025-02-04,False,
DOC0002246,SIN000749,Factura,True,True,2025-02-04,False,
DOC0002247,SIN000749,Informe,True,True,2025-02-03,False,
DOC0002248,SIN000750,Denuncia,True,True,2025-08-02,False,
DOC0002249,SIN000750,Factura,True,True,2025-08-02,False,
DOC0002250,SIN000750,Informe,True,True,2025-07-30,False,
DOC0002251,SIN000751,Denuncia,True,True,2024-08-04,False,
DOC0002252,SIN000751,Factura,True,True,2024-08-06,False,
DOC0002253,SIN000751,Informe,True,True,2024-08-06,False,
DOC0002254,SIN000752,Denuncia,True,True,2025-03-13,False,
DOC0002255,SIN000752,Factura,True,True,2025-03-13,False,
DOC0002256,SIN000752,Informe,True,True,2025-03-15,False,
DOC0002257,SIN000753,Denuncia,True,True,2025-08-29,False,
DOC0002258,SIN000753,Factura,True,True,2025-08-25,False,
DOC0002259,SIN000753,Informe,True,True,2025-08-26,False,
DOC0002260,SIN000754,Denuncia,True,True,2024-11-13,False,
DOC0002261,SIN000754,Factura,True,True,2024-11-14,False,
DOC0002262,SIN000754,Informe,True,True,2024-11-12,False,
DOC0002263,SIN000755,Denuncia,True,True,2025-07-28,False,
DOC0002264,SIN000755,Factura,True,True,2025-08-01,False,
DOC0002265,SIN000755,Informe,True,True,2025-07-28,False,
DOC0002266,SIN000756,Denuncia,True,True,2024-08-28,False,
DOC0002267,SIN000756,Factura,True,True,2024-08-27,False,
DOC0002268,SIN000756,Informe,True,True,2024-08-26,False,
DOC0002269,SIN000757,Denuncia,True,True,2024-05-22,False,
DOC0002270,SIN000757,Factura,True,True,2024-05-18,False,
DOC0002271,SIN000757,Informe,True,True,2024-05-19,False,
DOC0002272,SIN000758,Denuncia,True,True,2024-05-25,False,
DOC0002273,SIN000758,Factura,True,True,2024-05-24,False,
DOC0002274,SIN000758,Informe,True,True,2024-05-25,False,
DOC0002275,SIN000759,Denuncia,True,True,2025-08-05,False,
DOC0002276,SIN000759,Factura,True,True,2025-08-04,False,
DOC0002277,SIN000759,Informe,True,True,2025-08-04,False,
DOC0002278,SIN000760,Denuncia,True,True,2024-09-09,False,
DOC0002279,SIN000760,Factura,True,True,2024-09-05,False,
DOC0002280,SIN000760,Informe,True,True,2024-09-10,False,
DOC0002281,SIN000761,Denuncia,True,True,2025-04-30,False,
DOC0002282,SIN000761,Factura,True,True,2025-04-27,False,
DOC0002283,SIN000761,Informe,True,True,2025-04-29,False,
DOC0002284,SIN000762,Denuncia,True,True,2024-12-24,False,
DOC0002285,SIN000762,Factura,True,True,2024-12-24,False,
DOC0002286,SIN000762,Informe,True,True,2024-12-24,False,
DOC0002287,SIN000763,Denuncia,True,True,2025-03-28,False,
DOC0002288,SIN000763,Factura,True,True,2025-03-25,False,
DOC0002289,SIN000763,Informe,True,True,2025-03-27,False,
DOC0002290,SIN000764,Denuncia,True,True,2024-12-16,False,
DOC0002291,SIN000764,Factura,True,True,2024-12-17,False,
DOC0002292,SIN000764,Informe,True,True,2024-12-14,False,
DOC0002293,SIN000765,Denuncia,True,True,2024-03-31,False,
DOC0002294,SIN000765,Factura,True,True,2024-03-27,False,
DOC0002295,SIN000765,Informe,True,True,2024-03-30,False,
DOC0002296,SIN000766,Denuncia,True,True,2025-09-06,False,
DOC0002297,SIN000766,Factura,True,True,2025-09-08,False,
DOC0002298,SIN000766,Informe,True,True,2025-09-09,False,
DOC0002299,SIN000767,Denuncia,True,True,2025-02-21,False,
DOC0002300,SIN000767,Factura,True,True,2025-02-19,False,
DOC0002301,SIN000767,Informe,True,True,2025-02-19,False,
DOC0002302,SIN000768,Denuncia,True,True,2024-10-16,False,
DOC0002303,SIN000768,Factura,True,True,2024-10-16,False,
DOC0002304,SIN000768,Informe,True,True,2024-10-15,False,
DOC0002305,SIN000769,Denuncia,True,True,2024-11-13,False,
DOC0002306,SIN000769,Factura,True,True,2024-11-12,False,
DOC0002307,SIN000769,Informe,True,True,2024-11-13,False,
DOC0002308,SIN000770,Denuncia,True,True,2024-12-16,False,
DOC0002309,SIN000770,Factura,True,True,2024-12-13,False,
DOC0002310,SIN000770,Informe,True,True,2024-12-14,False,
DOC0002311,SIN000771,Denuncia,True,True,2024-12-23,False,
DOC0002312,SIN000771,Factura,True,True,2024-12-19,False,
DOC0002313,SIN000771,Informe,True,True,2024-12-23,False,
DOC0002314,SIN000772,Denuncia,True,True,2025-08-21,False,
DOC0002315,SIN000772,Factura,True,True,2025-08-16,False,
DOC0002316,SIN000772,Informe,True,True,2025-08-19,False,
DOC0002317,SIN000773,Denuncia,True,True,2025-01-20,False,
DOC0002318,SIN000773,Factura,True,True,2025-01-21,False,
DOC0002319,SIN000773,Informe,True,True,2025-01-22,False,
DOC0002320,SIN000774,Denuncia,True,True,2025-04-22,False,
DOC0002321,SIN000774,Factura,True,True,2025-04-24,False,
DOC0002322,SIN000774,Informe,True,True,2025-04-25,False,
DOC0002323,SIN000775,Denuncia,True,True,2025-01-23,False,
DOC0002324,SIN000775,Factura,True,True,2025-01-25,False,
DOC0002325,SIN000775,Informe,True,True,2025-01-27,False,
DOC0002326,SIN000776,Denuncia,True,True,2025-09-04,False,
DOC0002327,SIN000776,Factura,True,True,2025-08-31,False,
DOC0002328,SIN000776,Informe,True,True,2025-09-02,False,
DOC0002329,SIN000777,Denuncia,True,True,2024-06-06,False,
DOC0002330,SIN000777,Factura,True,True,2024-06-06,False,
DOC0002331,SIN000777,Informe,True,True,2024-06-01,False,
DOC0002332,SIN000778,Denuncia,True,True,2025-09-12,False,
DOC0002333,SIN000778,Factura,True,True,2025-09-12,False,
DOC0002334,SIN000778,Informe,True,True,2025-09-13,False,
DOC0002335,SIN000779,Denuncia,True,True,2025-08-17,False,
DOC0002336,SIN000779,Factura,True,True,2025-08-14,False,
DOC0002337,SIN000779,Informe,True,True,2025-08-18,False,
DOC0002338,SIN000780,Denuncia,True,True,2025-08-13,False,
DOC0002339,SIN000780,Factura,True,True,2025-08-12,False,
DOC0002340,SIN000780,Informe,True,True,2025-08-10,False,
DOC0002341,SIN000781,Denuncia,True,True,2025-03-01,False,
DOC0002342,SIN000781,Factura,True,True,2025-02-27,False,
DOC0002343,SIN000781,Informe,True,True,2025-03-02,False,
DOC0002344,SIN000782,Denuncia,True,True,2025-08-08,False,
DOC0002345,SIN000782,Factura,True,True,2025-08-08,False,
DOC0002346,SIN000782,Informe,True,True,2025-08-08,False,
DOC0002347,SIN000783,Denuncia,True,True,2024-05-19,False,
DOC0002348,SIN000783,Factura,True,True,2024-05-18,False,
DOC0002349,SIN000783,Informe,True,True,2024-05-19,False,
DOC0002350,SIN000784,Denuncia,True,True,2025-02-12,False,
DOC0002351,SIN000784,Factura,True,True,2025-02-14,False,
DOC0002352,SIN000784,Informe,True,True,2025-02-14,False,
DOC0002353,SIN000785,Denuncia,True,True,2024-07-03,False,
DOC0002354,SIN000785,Factura,True,True,2024-07-04,False,
DOC0002355,SIN000785,Informe,True,True,2024-07-04,False,
DOC0002356,SIN000786,Denuncia,True,True,2024-03-27,False,
DOC0002357,SIN000786,Factura,True,True,2024-03-27,False,
DOC0002358,SIN000786,Informe,True,True,2024-03-27,False,
DOC0002359,SIN000787,Denuncia,True,True,2025-01-01,False,
DOC0002360,SIN000787,Factura,True,True,2024-12-29,False,
DOC0002361,SIN000787,Informe,True,True,2024-12-28,False,
DOC0002362,SIN000788,Denuncia,True,True,2024-12-14,False,
DOC0002363,SIN000788,Factura,True,True,2024-12-14,False,
DOC0002364,SIN000788,Informe,True,True,2024-12-12,False,
DOC0002365,SIN000789,Denuncia,True,True,2025-09-30,False,
DOC0002366,SIN000789,Factura,True,True,2025-10-02,False,
DOC0002367,SIN000789,Informe,True,True,2025-10-02,False,
DOC0002368,SIN000790,Denuncia,True,True,2025-03-01,False,
DOC0002369,SIN000790,Factura,True,True,2025-03-01,False,
DOC0002370,SIN000790,Informe,True,True,2025-02-28,False,
DOC0002371,SIN000791,Denuncia,True,True,2025-02-11,False,
DOC0002372,SIN000791,Factura,True,True,2025-02-11,False,
DOC0002373,SIN000791,Informe,True,True,2025-02-09,False,
DOC0002374,SIN000792,Denuncia,True,True,2025-06-19,False,
DOC0002375,SIN000792,Factura,True,True,2025-06-19,False,
DOC0002376,SIN000792,Informe,True,True,2025-06-15,False,
DOC0002377,SIN000793,Denuncia,True,True,2025-05-20,False,
DOC0002378,SIN000793,Factura,True,True,2025-05-24,False,
DOC0002379,SIN000793,Informe,True,True,2025-05-20,False,
DOC0002380,SIN000794,Denuncia,True,True,2024-10-24,False,
DOC0002381,SIN000794,Factura,True,True,2024-10-24,False,
DOC0002382,SIN000794,Informe,True,True,2024-10-23,False,
DOC0002383,SIN000795,Denuncia,True,True,2025-03-04,False,
DOC0002384,SIN000795,Factura,True,True,2025-03-07,False,
DOC0002385,SIN000795,Informe,True,True,2025-03-03,False,
DOC0002386,SIN000796,Denuncia,True,True,2025-01-06,False,
DOC0002387,SIN000796,Factura,True,True,2025-01-04,False,
DOC0002388,SIN000796,Informe,True,True,2025-01-04,False,
DOC0002389,SIN000797,Denuncia,True,True,2025-06-29,False,
DOC0002390,SIN000797,Factura,True,True,2025-06-29,False,
DOC0002391,SIN000797,Informe,True,True,2025-06-28,False,
DOC0002392,SIN000798,Denuncia,True,True,2025-03-26,False,
DOC0002393,SIN000798,Factura,True,True,2025-03-24,False,
DOC0002394,SIN000798,Informe,True,True,2025-03-26,False,
DOC0002395,SIN000799,Denuncia,True,True,2024-10-23,False,
DOC0002396,SIN000799,Factura,True,True,2024-10-18,False,
DOC0002397,SIN000799,Informe,True,True,2024-10-22,False,
DOC0002398,SIN000800,Denuncia,True,True,2025-11-16,False,
DOC0002399,SIN000800,Factura,True,True,2025-11-14,False,
DOC0002400,SIN000800,Informe,True,True,2025-11-11,False,
DOC0002401,SIN000801,Denuncia,True,True,2025-01-04,False,
DOC0002402,SIN000801,Factura,True,True,2025-01-05,False,
DOC0002403,SIN000801,Informe,True,True,2025-01-03,False,
DOC0002404,SIN000802,Denuncia,True,True,2024-11-03,False,
DOC0002405,SIN000802,Factura,True,True,2024-11-03,False,
DOC0002406,SIN000802,Informe,True,True,2024-10-31,False,
DOC0002407,SIN000803,Denuncia,True,True,2024-12-12,False,
DOC0002408,SIN000803,Factura,True,True,2024-12-10,False,
DOC0002409,SIN000803,Informe,True,True,2024-12-14,False,
DOC0002410,SIN000804,Denuncia,True,True,2024-08-05,False,
DOC0002411,SIN000804,Factura,True,True,2024-08-07,False,
DOC0002412,SIN000804,Informe,True,True,2024-08-03,False,
DOC0002413,SIN000805,Denuncia,True,True,2025-02-27,False,
DOC0002414,SIN000805,Factura,True,True,2025-02-24,False,
DOC0002415,SIN000805,Informe,True,True,2025-02-23,False,
DOC0002416,SIN000806,Denuncia,True,True,2024-11-11,False,
DOC0002417,SIN000806,Factura,True,True,2024-11-10,False,
DOC0002418,SIN000806,Informe,True,True,2024-11-15,False,
DOC0002419,SIN000807,Denuncia,True,True,2025-05-29,False,
DOC0002420,SIN000807,Factura,True,True,2025-05-27,False,
DOC0002421,SIN000807,Informe,True,True,2025-06-01,False,
DOC0002422,SIN000808,Denuncia,True,True,2025-05-24,False,
DOC0002423,SIN000808,Factura,True,True,2025-05-23,False,
DOC0002424,SIN000808,Informe,True,True,2025-05-28,False,
DOC0002425,SIN000809,Denuncia,True,True,2024-08-27,False,
DOC0002426,SIN000809,Factura,True,True,2024-08-28,False,
DOC0002427,SIN000809,Informe,True,True,2024-08-29,False,
DOC0002428,SIN000810,Denuncia,True,True,2025-02-14,False,
DOC0002429,SIN000810,Factura,True,True,2025-02-14,False,
DOC0002430,SIN000810,Informe,True,True,2025-02-17,False,
DOC0002431,SIN000811,Denuncia,True,True,2024-04-16,False,
DOC0002432,SIN000811,Factura,True,True,2024-04-17,False,
DOC0002433,SIN000811,Informe,True,True,2024-04-19,False,
DOC0002434,SIN000812,Denuncia,True,True,2025-08-21,False,
DOC0002435,SIN000812,Factura,True,True,2025-08-19,False,
DOC0002436,SIN000812,Informe,True,True,2025-08-20,False,
DOC0002437,SIN000813,Denuncia,True,True,2025-06-21,False,
DOC0002438,SIN000813,Factura,True,True,2025-06-22,False,
DOC0002439,SIN000813,Informe,True,True,2025-06-22,False,
DOC0002440,SIN000814,Denuncia,True,True,2024-04-09,False,
DOC0002441,SIN000814,Factura,True,True,2024-04-10,False,
DOC0002442,SIN000814,Informe,True,True,2024-04-07,False,
DOC0002443,SIN000815,Denuncia,True,True,2025-07-05,False,
DOC0002444,SIN000815,Factura,True,True,2025-07-03,False,
DOC0002445,SIN000815,Informe,True,True,2025-07-07,False,
DOC0002446,SIN000816,Denuncia,True,True,2025-01-10,False,
DOC0002447,SIN000816,Factura,True,True,2025-01-10,False,
DOC0002448,SIN000816,Informe,True,True,2025-01-13,False,
DOC0002449,SIN000817,Denuncia,True,True,2024-07-24,False,
DOC0002450,SIN000817,Factura,True,True,2024-07-19,False,
DOC0002451,SIN000817,Informe,True,True,2024-07-22,False,
DOC0002452,SIN000818,Denuncia,True,True,2024-07-10,False,
DOC0002453,SIN000818,Factura,True,True,2024-07-07,False,
DOC0002454,SIN000818,Informe,True,True,2024-07-11,False,
DOC0002455,SIN000819,Denuncia,True,True,2024-10-13,False,
DOC0002456,SIN000819,Factura,True,True,2024-10-11,False,
DOC0002457,SIN000819,Informe,True,True,2024-10-12,False,
DOC0002458,SIN000820,Denuncia,True,True,2025-06-02,False,
DOC0002459,SIN000820,Factura,True,True,2025-06-02,False,
DOC0002460,SIN000820,Informe,True,True,2025-06-03,False,
DOC0002461,SIN000821,Denuncia,True,True,2024-07-02,False,
DOC0002462,SIN000821,Factura,True,True,2024-07-02,False,
DOC0002463,SIN000821,Informe,True,True,2024-06-30,False,
DOC0002464,SIN000822,Denuncia,True,True,2024-05-26,False,
DOC0002465,SIN000822,Factura,True,True,2024-05-25,False,
DOC0002466,SIN000822,Informe,True,True,2024-05-23,False,
DOC0002467,SIN000823,Denuncia,True,True,2024-12-05,False,
DOC0002468,SIN000823,Factura,True,True,2024-12-01,False,
DOC0002469,SIN000823,Informe,True,True,2024-11-30,False,
DOC0002470,SIN000824,Denuncia,True,True,2025-03-08,False,
DOC0002471,SIN000824,Factura,True,True,2025-03-12,False,
DOC0002472,SIN000824,Informe,True,True,2025-03-12,False,
DOC0002473,SIN000825,Denuncia,True,True,2024-05-27,False,
DOC0002474,SIN000825,Factura,True,True,2024-05-30,False,
DOC0002475,SIN000825,Informe,True,True,2024-05-30,False,
DOC0002476,SIN000826,Denuncia,True,True,2024-12-15,False,
DOC0002477,SIN000826,Factura,True,True,2024-12-13,False,
DOC0002478,SIN000826,Informe,True,True,2024-12-12,False,
DOC0002479,SIN000827,Denuncia,True,True,2025-06-06,False,
DOC0002480,SIN000827,Factura,True,True,2025-06-10,False,
DOC0002481,SIN000827,Informe,True,True,2025-06-09,False,
DOC0002482,SIN000828,Denuncia,True,True,2025-01-16,False,
DOC0002483,SIN000828,Factura,True,True,2025-01-17,False,
DOC0002484,SIN000828,Informe,True,True,2025-01-16,False,
DOC0002485,SIN000829,Denuncia,True,True,2025-03-17,False,
DOC0002486,SIN000829,Factura,True,True,2025-03-20,False,
DOC0002487,SIN000829,Informe,True,True,2025-03-18,False,
DOC0002488,SIN000830,Denuncia,True,True,2024-12-24,False,
DOC0002489,SIN000830,Factura,True,True,2024-12-23,False,
DOC0002490,SIN000830,Informe,True,True,2024-12-21,False,
DOC0002491,SIN000831,Denuncia,True,True,2025-03-02,False,
DOC0002492,SIN000831,Factura,True,True,2025-03-03,False,
DOC0002493,SIN000831,Informe,True,True,2025-03-01,False,
DOC0002494,SIN000832,Denuncia,True,True,2025-03-21,False,
DOC0002495,SIN000832,Factura,True,True,2025-03-26,False,
DOC0002496,SIN000832,Informe,True,True,2025-03-24,False,
DOC0002497,SIN000833,Denuncia,True,True,2025-04-13,False,
DOC0002498,SIN000833,Factura,True,True,2025-04-14,False,
DOC0002499,SIN000833,Informe,True,True,2025-04-13,False,
DOC0002500,SIN000834,Denuncia,True,True,2024-09-13,False,
DOC0002501,SIN000834,Factura,True,True,2024-09-13,False,
DOC0002502,SIN000834,Informe,True,True,2024-09-14,False,
DOC0002503,SIN000835,Denuncia,True,True,2024-10-28,False,
DOC0002504,SIN000835,Factura,True,True,2024-10-24,False,
DOC0002505,SIN000835,Informe,True,True,2024-10-27,False,
DOC0002506,SIN000836,Denuncia,True,True,2025-07-08,False,
DOC0002507,SIN000836,Factura,True,True,2025-07-12,False,
DOC0002508,SIN000836,Informe,True,True,2025-07-09,False,
DOC0002509,SIN000837,Denuncia,True,True,2024-05-29,False,
DOC0002510,SIN000837,Factura,True,True,2024-05-26,False,
DOC0002511,SIN000837,Informe,True,True,2024-05-26,False,
DOC0002512,SIN000838,Denuncia,True,True,2025-04-28,False,
DOC0002513,SIN000838,Factura,True,True,2025-04-29,False,
DOC0002514,SIN000838,Informe,True,True,2025-04-27,False,
DOC0002515,SIN000839,Denuncia,True,True,2025-02-02,False,
DOC0002516,SIN000839,Factura,True,True,2025-02-06,False,
DOC0002517,SIN000839,Informe,True,True,2025-02-02,False,
DOC0002518,SIN000840,Denuncia,True,True,2025-01-31,False,
DOC0002519,SIN000840,Factura,True,True,2025-01-29,False,
DOC0002520,SIN000840,Informe,True,True,2025-01-29,False,
DOC0002521,SIN000841,Denuncia,True,True,2025-02-09,False,
DOC0002522,SIN000841,Factura,True,True,2025-02-09,False,
DOC0002523,SIN000841,Informe,True,True,2025-02-07,False,
DOC0002524,SIN000842,Denuncia,True,True,2024-09-12,False,
DOC0002525,SIN000842,Factura,True,True,2024-09-13,False,
DOC0002526,SIN000842,Informe,True,True,2024-09-09,False,
DOC0002527,SIN000843,Denuncia,True,True,2024-10-19,False,
DOC0002528,SIN000843,Factura,True,True,2024-10-17,False,
DOC0002529,SIN000843,Informe,True,True,2024-10-19,False,
DOC0002530,SIN000844,Denuncia,True,True,2025-03-28,False,
DOC0002531,SIN000844,Factura,True,True,2025-03-31,False,
DOC0002532,SIN000844,Informe,True,True,2025-03-30,False,
DOC0002533,SIN000845,Denuncia,True,True,2025-10-18,False,
DOC0002534,SIN000845,Factura,True,True,2025-10-19,False,
DOC0002535,SIN000845,Informe,True,True,2025-10-21,False,
DOC0002536,SIN000846,Denuncia,True,True,2025-07-13,False,
DOC0002537,SIN000846,Factura,True,True,2025-07-11,False,
DOC0002538,SIN000846,Informe,True,True,2025-07-11,False,
DOC0002539,SIN000847,Denuncia,True,True,2024-07-14,False,
DOC0002540,SIN000847,Factura,True,True,2024-07-11,False,
DOC0002541,SIN000847,Informe,True,True,2024-07-16,False,
DOC0002542,SIN000848,Denuncia,True,True,2024-08-05,False,
DOC0002543,SIN000848,Factura,True,True,2024-08-02,False,
DOC0002544,SIN000848,Informe,True,True,2024-08-07,False,
DOC0002545,SIN000849,Denuncia,True,True,2024-12-14,False,
DOC0002546,SIN000849,Factura,True,True,2024-12-12,False,
DOC0002547,SIN000849,Informe,True,True,2024-12-11,False,
DOC0002548,SIN000850,Denuncia,True,True,2025-04-08,False,
DOC0002549,SIN000850,Factura,True,True,2025-04-04,False,
DOC0002550,SIN000850,Informe,True,True,2025-04-06,False,
DOC0002551,SIN000851,Denuncia,True,True,2024-12-13,False,
DOC0002552,SIN000851,Factura,True,True,2024-12-13,False,
DOC0002553,SIN000851,Informe,True,True,2024-12-12,False,
DOC0002554,SIN000852,Denuncia,True,True,2024-08-08,False,
DOC0002555,SIN000852,Factura,True,True,2024-08-10,False,
DOC0002556,SIN000852,Informe,True,True,2024-08-12,False,
DOC0002557,SIN000853,Denuncia,True,True,2024-11-15,False,
DOC0002558,SIN000853,Factura,True,True,2024-11-14,False,
DOC0002559,SIN000853,Informe,True,True,2024-11-13,False,
DOC0002560,SIN000854,Denuncia,True,True,2025-06-04,False,
DOC0002561,SIN000854,Factura,True,True,2025-06-06,False,
DOC0002562,SIN000854,Informe,True,True,2025-06-07,False,
DOC0002563,SIN000855,Denuncia,True,True,2024-11-30,False,
DOC0002564,SIN000855,Factura,True,True,2024-11-26,False,
DOC0002565,SIN000855,Informe,True,True,2024-11-28,False,
DOC0002566,SIN000856,Denuncia,True,True,2025-10-29,False,
DOC0002567,SIN000856,Factura,True,True,2025-10-31,False,
DOC0002568,SIN000856,Informe,True,True,2025-10-26,False,
DOC0002569,SIN000857,Denuncia,True,True,2025-07-06,False,
DOC0002570,SIN000857,Factura,True,True,2025-07-08,False,
DOC0002571,SIN000857,Informe,True,True,2025-07-05,False,
DOC0002572,SIN000858,Denuncia,True,True,2024-11-28,False,
DOC0002573,SIN000858,Factura,True,True,2024-11-30,False,
DOC0002574,SIN000858,Informe,True,True,2024-12-01,False,
DOC0002575,SIN000859,Denuncia,True,True,2024-11-18,False,
DOC0002576,SIN000859,Factura,True,True,2024-11-18,False,
DOC0002577,SIN000859,Informe,True,True,2024-11-20,False,
DOC0002578,SIN000860,Denuncia,True,True,2025-02-03,False,
DOC0002579,SIN000860,Factura,True,True,2025-02-04,False,
DOC0002580,SIN000860,Informe,True,True,2025-02-02,False,
DOC0002581,SIN000861,Denuncia,True,True,2025-07-12,False,
DOC0002582,SIN000861,Factura,True,True,2025-07-17,False,
DOC0002583,SIN000861,Informe,True,True,2025-07-16,False,
DOC0002584,SIN000862,Denuncia,True,True,2024-09-29,False,
DOC0002585,SIN000862,Factura,True,True,2024-09-30,False,
DOC0002586,SIN000862,Informe,True,True,2024-10-01,False,
DOC0002587,SIN000863,Denuncia,True,True,2025-04-21,False,
DOC0002588,SIN000863,Factura,True,True,2025-04-26,False,
DOC0002589,SIN000863,Informe,True,True,2025-04-24,False,
DOC0002590,SIN000864,Denuncia,True,True,2025-08-23,False,
DOC0002591,SIN000864,Factura,True,True,2025-08-19,False,
DOC0002592,SIN000864,Informe,True,True,2025-08-19,False,
DOC0002593,SIN000865,Denuncia,True,True,2024-06-02,False,
DOC0002594,SIN000865,Factura,True,True,2024-05-29,False,
DOC0002595,SIN000865,Informe,True,True,2024-06-01,False,
DOC0002596,SIN000866,Denuncia,True,True,2025-08-13,False,
DOC0002597,SIN000866,Factura,True,True,2025-08-17,False,
DOC0002598,SIN000866,Informe,True,True,2025-08-15,False,
DOC0002599,SIN000867,Denuncia,True,True,2025-02-19,False,
DOC0002600,SIN000867,Factura,True,True,2025-02-21,False,
DOC0002601,SIN000867,Informe,True,True,2025-02-16,False,
DOC0002602,SIN000868,Denuncia,True,True,2025-05-22,False,
DOC0002603,SIN000868,Factura,True,True,2025-05-19,False,
DOC0002604,SIN000868,Informe,True,True,2025-05-19,False,
DOC0002605,SIN000869,Denuncia,True,True,2025-04-29,False,
DOC0002606,SIN000869,Factura,True,True,2025-05-01,False,
DOC0002607,SIN000869,Informe,True,True,2025-05-03,False,
DOC0002608,SIN000870,Denuncia,True,True,2025-06-08,False,
DOC0002609,SIN000870,Factura,True,True,2025-06-06,False,
DOC0002610,SIN000870,Informe,True,True,2025-06-08,False,
DOC0002611,SIN000871,Denuncia,True,True,2024-07-29,False,
DOC0002612,SIN000871,Factura,True,True,2024-07-30,False,
DOC0002613,SIN000871,Informe,True,True,2024-07-30,False,
DOC0002614,SIN000872,Denuncia,True,True,2025-05-28,False,
DOC0002615,SIN000872,Factura,True,True,2025-05-28,False,
DOC0002616,SIN000872,Informe,True,True,2025-05-30,False,
DOC0002617,SIN000873,Denuncia,True,True,2025-01-14,False,
DOC0002618,SIN000873,Factura,True,True,2025-01-17,False,
DOC0002619,SIN000873,Informe,True,True,2025-01-16,False,
DOC0002620,SIN000874,Denuncia,True,True,2024-09-06,False,
DOC0002621,SIN000874,Factura,True,True,2024-09-08,False,
DOC0002622,SIN000874,Informe,True,True,2024-09-09,False,
DOC0002623,SIN000875,Denuncia,True,True,2025-04-16,False,
DOC0002624,SIN000875,Factura,True,True,2025-04-19,False,
DOC0002625,SIN000875,Informe,True,True,2025-04-17,False,
DOC0002626,SIN000876,Denuncia,True,True,2024-08-27,False,
DOC0002627,SIN000876,Factura,True,True,2024-08-26,False,
DOC0002628,SIN000876,Informe,True,True,2024-08-26,False,
DOC0002629,SIN000877,Denuncia,True,True,2024-12-28,False,
DOC0002630,SIN000877,Factura,True,True,2024-12-23,False,
DOC0002631,SIN000877,Informe,True,True,2024-12-27,False,
DOC0002632,SIN000878,Denuncia,True,True,2024-04-11,False,
DOC0002633,SIN000878,Factura,True,True,2024-04-15,False,
DOC0002634,SIN000878,Informe,True,True,2024-04-13,False,
DOC0002635,SIN000879,Denuncia,True,True,2025-06-18,False,
DOC0002636,SIN000879,Factura,True,True,2025-06-21,False,
DOC0002637,SIN000879,Informe,True,True,2025-06-21,False,
DOC0002638,SIN000880,Denuncia,True,True,2025-04-12,False,
DOC0002639,SIN000880,Factura,True,True,2025-04-15,False,
DOC0002640,SIN000880,Informe,True,True,2025-04-16,False,
DOC0002641,SIN000881,Denuncia,True,True,2024-03-14,False,
DOC0002642,SIN000881,Factura,True,True,2024-03-16,False,
DOC0002643,SIN000881,Informe,True,True,2024-03-13,False,
DOC0002644,SIN000882,Denuncia,True,True,2025-03-18,False,
DOC0002645,SIN000882,Factura,True,True,2025-03-20,False,
DOC0002646,SIN000882,Informe,True,True,2025-03-16,False,
DOC0002647,SIN000883,Denuncia,True,True,2025-04-14,False,
DOC0002648,SIN000883,Factura,True,True,2025-04-18,False,
DOC0002649,SIN000883,Informe,True,True,2025-04-13,False,
DOC0002650,SIN000884,Denuncia,True,True,2025-08-02,False,
DOC0002651,SIN000884,Factura,True,True,2025-08-02,False,
DOC0002652,SIN000884,Informe,True,True,2025-07-29,False,
DOC0002653,SIN000885,Denuncia,True,True,2025-11-11,False,
DOC0002654,SIN000885,Factura,True,True,2025-11-08,False,
DOC0002655,SIN000885,Informe,True,True,2025-11-10,False,
DOC0002656,SIN000886,Denuncia,True,True,2025-02-05,False,
DOC0002657,SIN000886,Factura,True,True,2025-02-03,False,
DOC0002658,SIN000886,Informe,True,True,2025-02-02,False,
DOC0002659,SIN000887,Denuncia,True,True,2025-02-10,False,
DOC0002660,SIN000887,Factura,True,True,2025-02-10,False,
DOC0002661,SIN000887,Informe,True,True,2025-02-08,False,
DOC0002662,SIN000888,Denuncia,True,True,2025-03-07,False,
DOC0002663,SIN000888,Factura,True,True,2025-03-06,False,
DOC0002664,SIN000888,Informe,True,True,2025-03-11,False,
DOC0002665,SIN000889,Denuncia,True,True,2025-05-05,False,
DOC0002666,SIN000889,Factura,True,True,2025-05-08,False,
DOC0002667,SIN000889,Informe,True,True,2025-05-10,False,
DOC0002668,SIN000890,Denuncia,True,True,2025-06-01,False,
DOC0002669,SIN000890,Factura,True,True,2025-06-03,False,
DOC0002670,SIN000890,Informe,True,True,2025-06-03,False,
DOC0002671,SIN000891,Denuncia,True,True,2024-07-07,False,
DOC0002672,SIN000891,Factura,True,True,2024-07-07,False,
DOC0002673,SIN000891,Informe,True,True,2024-07-02,False,
DOC0002674,SIN000892,Denuncia,True,True,2024-12-20,False,
DOC0002675,SIN000892,Factura,True,True,2024-12-19,False,
DOC0002676,SIN000892,Informe,True,True,2024-12-19,False,
DOC0002677,SIN000893,Denuncia,True,True,2024-09-26,False,
DOC0002678,SIN000893,Factura,True,True,2024-09-30,False,
DOC0002679,SIN000893,Informe,True,True,2024-09-26,False,
DOC0002680,SIN000894,Denuncia,True,True,2025-02-06,False,
DOC0002681,SIN000894,Factura,True,True,2025-02-05,False,
DOC0002682,SIN000894,Informe,True,True,2025-02-03,False,
DOC0002683,SIN000895,Denuncia,True,True,2025-05-03,False,
DOC0002684,SIN000895,Factura,True,True,2025-05-02,False,
DOC0002685,SIN000895,Informe,True,True,2025-05-02,False,
DOC0002686,SIN000896,Denuncia,True,True,2024-05-16,False,
DOC0002687,SIN000896,Factura,True,True,2024-05-18,False,
DOC0002688,SIN000896,Informe,True,True,2024-05-20,False,
DOC0002689,SIN000897,Denuncia,True,True,2025-03-25,False,
DOC0002690,SIN000897,Factura,True,True,2025-03-23,False,
DOC0002691,SIN000897,Informe,True,True,2025-03-27,False,
DOC0002692,SIN000898,Denuncia,True,True,2024-11-09,False,
DOC0002693,SIN000898,Factura,True,True,2024-11-11,False,
DOC0002694,SIN000898,Informe,True,True,2024-11-09,False,
DOC0002695,SIN000899,Denuncia,True,True,2024-07-22,False,
DOC0002696,SIN000899,Factura,True,True,2024-07-22,False,
DOC0002697,SIN000899,Informe,True,True,2024-07-24,False,
DOC0002698,SIN000900,Denuncia,True,True,2024-11-30,False,
DOC0002699,SIN000900,Factura,True,True,2024-12-02,False,
DOC0002700,SIN000900,Informe,True,True,2024-12-03,False,
DOC0002701,SIN000901,Denuncia,True,True,2025-01-12,False,
DOC0002702,SIN000901,Factura,True,True,2025-01-10,False,
DOC0002703,SIN000901,Informe,True,True,2025-01-12,False,
DOC0002704,SIN000902,Denuncia,True,True,2024-11-29,False,
DOC0002705,SIN000902,Factura,True,True,2024-11-29,False,
DOC0002706,SIN000902,Informe,True,True,2024-12-03,False,
DOC0002707,SIN000903,Denuncia,True,True,2024-02-28,False,
DOC0002708,SIN000903,Factura,True,True,2024-02-25,False,
DOC0002709,SIN000903,Informe,True,True,2024-02-27,False,
DOC0002710,SIN000904,Denuncia,True,True,2024-07-19,False,
DOC0002711,SIN000904,Factura,True,True,2024-07-15,False,
DOC0002712,SIN000904,Informe,True,True,2024-07-17,False,
DOC0002713,SIN000905,Denuncia,True,True,2025-08-02,False,
DOC0002714,SIN000905,Factura,True,True,2025-07-31,False,
DOC0002715,SIN000905,Informe,True,True,2025-08-01,False,
DOC0002716,SIN000906,Denuncia,True,True,2025-01-07,False,
DOC0002717,SIN000906,Factura,True,True,2025-01-08,False,
DOC0002718,SIN000906,Informe,True,True,2025-01-07,False,
DOC0002719,SIN000907,Denuncia,True,True,2025-05-15,False,
DOC0002720,SIN000907,Factura,True,True,2025-05-17,False,
DOC0002721,SIN000907,Informe,True,True,2025-05-19,False,
DOC0002722,SIN000908,Denuncia,True,True,2025-06-16,False,
DOC0002723,SIN000908,Factura,True,True,2025-06-16,False,
DOC0002724,SIN000908,Informe,True,True,2025-06-18,False,
DOC0002725,SIN000909,Denuncia,True,True,2024-07-23,False,
DOC0002726,SIN000909,Factura,True,True,2024-07-22,False,
DOC0002727,SIN000909,Informe,True,True,2024-07-24,False,
DOC0002728,SIN000910,Denuncia,True,True,2024-09-07,False,
DOC0002729,SIN000910,Factura,True,True,2024-09-10,False,
DOC0002730,SIN000910,Informe,True,True,2024-09-09,False,
DOC0002731,SIN000911,Denuncia,True,True,2025-06-03,False,
DOC0002732,SIN000911,Factura,True,True,2025-06-04,False,
DOC0002733,SIN000911,Informe,True,True,2025-06-04,False,
DOC0002734,SIN000912,Denuncia,True,True,2025-05-24,False,
DOC0002735,SIN000912,Factura,True,True,2025-05-25,False,
DOC0002736,SIN000912,Informe,True,True,2025-05-29,False,
DOC0002737,SIN000913,Denuncia,True,True,2025-05-12,False,
DOC0002738,SIN000913,Factura,True,True,2025-05-09,False,
DOC0002739,SIN000913,Informe,True,True,2025-05-11,False,
DOC0002740,SIN000914,Denuncia,True,True,2025-09-22,False,
DOC0002741,SIN000914,Factura,True,True,2025-09-21,False,
DOC0002742,SIN000914,Informe,True,True,2025-09-20,False,
DOC0002743,SIN000915,Denuncia,True,True,2025-05-09,False,
DOC0002744,SIN000915,Factura,True,True,2025-05-11,False,
DOC0002745,SIN000915,Informe,True,True,2025-05-08,False,
DOC0002746,SIN000916,Denuncia,True,True,2025-06-23,False,
DOC0002747,SIN000916,Factura,True,True,2025-06-21,False,
DOC0002748,SIN000916,Informe,True,True,2025-06-18,False,
DOC0002749,SIN000917,Denuncia,True,True,2024-09-07,False,
DOC0002750,SIN000917,Factura,True,True,2024-09-02,False,
DOC0002751,SIN000917,Informe,True,True,2024-09-06,False,
DOC0002752,SIN000918,Denuncia,True,True,2025-05-20,False,
DOC0002753,SIN000918,Factura,True,True,2025-05-20,False,
DOC0002754,SIN000918,Informe,True,True,2025-05-21,False,
DOC0002755,SIN000919,Denuncia,True,True,2025-01-28,False,
DOC0002756,SIN000919,Factura,True,True,2025-01-26,False,
DOC0002757,SIN000919,Informe,True,True,2025-01-28,False,
DOC0002758,SIN000920,Denuncia,True,True,2025-08-07,False,
DOC0002759,SIN000920,Factura,True,True,2025-08-05,False,
DOC0002760,SIN000920,Informe,True,True,2025-08-10,False,
DOC0002761,SIN000921,Denuncia,True,True,2025-04-14,False,
DOC0002762,SIN000921,Factura,True,True,2025-04-12,False,
DOC0002763,SIN000921,Informe,True,True,2025-04-14,False,
DOC0002764,SIN000922,Denuncia,True,True,2025-08-05,False,
DOC0002765,SIN000922,Factura,True,True,2025-08-05,False,
DOC0002766,SIN000922,Informe,True,True,2025-08-01,False,
DOC0002767,SIN000923,Denuncia,True,True,2024-12-27,False,
DOC0002768,SIN000923,Factura,True,True,2024-12-30,False,
DOC0002769,SIN000923,Informe,True,True,2024-12-29,False,
DOC0002770,SIN000924,Denuncia,True,True,2025-02-26,False,
DOC0002771,SIN000924,Factura,True,True,2025-02-26,False,
DOC0002772,SIN000924,Informe,True,True,2025-03-02,False,
DOC0002773,SIN000925,Denuncia,True,True,2024-07-14,False,
DOC0002774,SIN000925,Factura,True,True,2024-07-10,False,
DOC0002775,SIN000925,Informe,True,True,2024-07-15,False,
DOC0002776,SIN000926,Denuncia,True,True,2025-01-18,False,
DOC0002777,SIN000926,Factura,True,True,2025-01-20,False,
DOC0002778,SIN000926,Informe,True,True,2025-01-19,False,
DOC0002779,SIN000927,Denuncia,True,True,2025-01-06,False,
DOC0002780,SIN000927,Factura,True,True,2025-01-05,False,
DOC0002781,SIN000927,Informe,True,True,2025-01-08,False,
DOC0002782,SIN000928,Denuncia,True,True,2024-12-07,False,
DOC0002783,SIN000928,Factura,True,True,2024-12-12,False,
DOC0002784,SIN000928,Informe,True,True,2024-12-08,False,
DOC0002785,SIN000929,Denuncia,True,True,2024-10-29,False,
DOC0002786,SIN000929,Factura,True,True,2024-10-26,False,
DOC0002787,SIN000929,Informe,True,True,2024-10-26,False,
DOC0002788,SIN000930,Denuncia,True,True,2024-09-19,False,
DOC0002789,SIN000930,Factura,True,True,2024-09-21,False,
DOC0002790,SIN000930,Informe,True,True,2024-09-18,False,
DOC0002791,SIN000931,Denuncia,True,True,2025-10-12,False,
DOC0002792,SIN000931,Factura,True,True,2025-10-15,False,
DOC0002793,SIN000931,Informe,True,True,2025-10-13,False,
DOC0002794,SIN000932,Denuncia,True,True,2024-10-17,False,
DOC0002795,SIN000932,Factura,True,True,2024-10-18,False,
DOC0002796,SIN000932,Informe,True,True,2024-10-17,False,
DOC0002797,SIN000933,Denuncia,True,True,2025-01-20,False,
DOC0002798,SIN000933,Factura,True,True,2025-01-16,False,
DOC0002799,SIN000933,Informe,True,True,2025-01-16,False,
DOC0002800,SIN000934,Denuncia,True,True,2025-01-05,False,
DOC0002801,SIN000934,Factura,True,True,2025-01-08,False,
DOC0002802,SIN000934,Informe,True,True,2025-01-06,False,
DOC0002803,SIN000935,Denuncia,True,True,2025-01-09,False,
DOC0002804,SIN000935,Factura,True,True,2025-01-10,False,
DOC0002805,SIN000935,Informe,True,True,2025-01-11,False,
DOC0002806,SIN000936,Denuncia,True,True,2025-04-08,False,
DOC0002807,SIN000936,Factura,True,True,2025-04-08,False,
DOC0002808,SIN000936,Informe,True,True,2025-04-05,False,
DOC0002809,SIN000937,Denuncia,True,True,2024-05-09,False,
DOC0002810,SIN000937,Factura,True,True,2024-05-10,False,
DOC0002811,SIN000937,Informe,True,True,2024-05-09,False,
DOC0002812,SIN000938,Denuncia,True,True,2025-04-20,False,
DOC0002813,SIN000938,Factura,True,True,2025-04-22,False,
DOC0002814,SIN000938,Informe,True,True,2025-04-20,False,
DOC0002815,SIN000939,Denuncia,True,True,2025-03-30,False,
DOC0002816,SIN000939,Factura,True,True,2025-04-01,False,
DOC0002817,SIN000939,Informe,True,True,2025-04-01,False,
DOC0002818,SIN000940,Denuncia,True,True,2024-07-07,False,
DOC0002819,SIN000940,Factura,True,True,2024-07-07,False,
DOC0002820,SIN000940,Informe,True,True,2024-07-08,False,
DOC0002821,SIN000941,Denuncia,True,True,2024-11-01,False,
DOC0002822,SIN000941,Factura,True,True,2024-11-06,False,
DOC0002823,SIN000941,Informe,True,True,2024-11-04,False,
DOC0002824,SIN000942,Denuncia,True,True,2025-03-03,False,
DOC0002825,SIN000942,Factura,True,True,2025-03-04,False,
DOC0002826,SIN000942,Informe,True,True,2025-03-03,False,
DOC0002827,SIN000943,Denuncia,True,True,2025-06-17,False,
DOC0002828,SIN000943,Factura,True,True,2025-06-20,False,
DOC0002829,SIN000943,Informe,True,True,2025-06-18,False,
DOC0002830,SIN000944,Denuncia,True,True,2024-08-07,False,
DOC0002831,SIN000944,Factura,True,True,2024-08-06,False,
DOC0002832,SIN000944,Informe,True,True,2024-08-06,False,
DOC0002833,SIN000945,Denuncia,True,True,2025-10-01,False,
DOC0002834,SIN000945,Factura,True,True,2025-10-02,False,
DOC0002835,SIN000945,Informe,True,True,2025-10-01,False,
DOC0002836,SIN000946,Denuncia,True,True,2025-02-13,False,
DOC0002837,SIN000946,Factura,True,True,2025-02-11,False,
DOC0002838,SIN000946,Informe,True,True,2025-02-12,False,
DOC0002839,SIN000947,Denuncia,True,True,2024-12-08,False,
DOC0002840,SIN000947,Factura,True,True,2024-12-08,False,
DOC0002841,SIN000947,Informe,True,True,2024-12-09,False,
DOC0002842,SIN000948,Denuncia,True,True,2025-07-15,False,
DOC0002843,SIN000948,Factura,True,True,2025-07-16,False,
DOC0002844,SIN000948,Informe,True,True,2025-07-13,False,
DOC0002845,SIN000949,Denuncia,True,True,2025-07-12,False,
DOC0002846,SIN000949,Factura,True,True,2025-07-10,False,
DOC0002847,SIN000949,Informe,True,True,2025-07-13,False,
DOC0002848,SIN000950,Denuncia,True,True,2025-05-19,False,
DOC0002849,SIN000950,Factura,True,True,2025-05-21,False,
DOC0002850,SIN000950,Informe,True,True,2025-05-21,False,
DOC0002851,SIN000951,Denuncia,True,True,2025-01-13,False,
DOC0002852,SIN000951,Factura,True,True,2025-01-13,False,
DOC0002853,SIN000951,Informe,True,True,2025-01-12,False,
DOC0002854,SIN000952,Denuncia,True,True,2025-04-06,False,
DOC0002855,SIN000952,Factura,True,True,2025-04-03,False,
DOC0002856,SIN000952,Informe,True,True,2025-04-04,False,
DOC0002857,SIN000953,Denuncia,True,True,2025-07-30,False,
DOC0002858,SIN000953,Factura,True,True,2025-08-04,False,
DOC0002859,SIN000953,Informe,True,True,2025-07-30,False,
DOC0002860,SIN000954,Denuncia,True,True,2024-04-09,False,
DOC0002861,SIN000954,Factura,True,True,2024-04-10,False,
DOC0002862,SIN000954,Informe,True,True,2024-04-10,False,
DOC0002863,SIN000955,Denuncia,True,True,2025-01-26,False,
DOC0002864,SIN000955,Factura,True,True,2025-01-21,False,
DOC0002865,SIN000955,Informe,True,True,2025-01-22,False,
DOC0002866,SIN000956,Denuncia,True,True,2024-10-07,False,
DOC0002867,SIN000956,Factura,True,True,2024-10-11,False,
DOC0002868,SIN000956,Informe,True,True,2024-10-11,False,
DOC0002869,SIN000957,Denuncia,True,True,2024-04-28,False,
DOC0002870,SIN000957,Factura,True,True,2024-04-27,False,
DOC0002871,SIN000957,Informe,True,True,2024-04-26,False,
DOC0002872,SIN000958,Denuncia,True,True,2025-01-23,False,
DOC0002873,SIN000958,Factura,True,True,2025-01-27,False,
DOC0002874,SIN000958,Informe,True,True,2025-01-27,False,
DOC0002875,SIN000959,Denuncia,True,True,2024-04-24,False,
DOC0002876,SIN000959,Factura,True,True,2024-04-23,False,
DOC0002877,SIN000959,Informe,True,True,2024-04-22,False,
DOC0002878,SIN000960,Denuncia,True,True,2025-05-04,False,
DOC0002879,SIN000960,Factura,True,True,2025-05-04,False,
DOC0002880,SIN000960,Informe,True,True,2025-05-07,False,
DOC0002881,SIN000961,Denuncia,True,True,2025-02-21,False,
DOC0002882,SIN000961,Factura,True,True,2025-02-18,False,
DOC0002883,SIN000961,Informe,True,True,2025-02-19,False,
DOC0002884,SIN000962,Denuncia,True,True,2024-12-05,False,
DOC0002885,SIN000962,Factura,True,True,2024-12-08,False,
DOC0002886,SIN000962,Informe,True,True,2024-12-05,False,
DOC0002887,SIN000963,Denuncia,True,True,2024-07-15,False,
DOC0002888,SIN000963,Factura,True,True,2024-07-14,False,
DOC0002889,SIN000963,Informe,True,True,2024-07-16,False,
DOC0002890,SIN000964,Denuncia,True,True,2025-05-17,False,
DOC0002891,SIN000964,Factura,True,True,2025-05-17,False,
DOC0002892,SIN000964,Informe,True,True,2025-05-18,False,
DOC0002893,SIN000965,Denuncia,True,True,2025-08-08,False,
DOC0002894,SIN000965,Factura,True,True,2025-08-04,False,
DOC0002895,SIN000965,Informe,True,True,2025-08-07,False,
DOC0002896,SIN000966,Denuncia,True,True,2025-06-18,False,
DOC0002897,SIN000966,Factura,True,True,2025-06-19,False,
DOC0002898,SIN000966,Informe,True,True,2025-06-16,False,
DOC0002899,SIN000967,Denuncia,True,True,2024-05-12,False,
DOC0002900,SIN000967,Factura,True,True,2024-05-13,False,
DOC0002901,SIN000967,Informe,True,True,2024-05-09,False,
DOC0002902,SIN000968,Denuncia,True,True,2025-08-07,False,
DOC0002903,SIN000968,Factura,True,True,2025-08-06,False,
DOC0002904,SIN000968,Informe,True,True,2025-08-07,False,
DOC0002905,SIN000969,Denuncia,True,True,2024-05-12,False,
DOC0002906,SIN000969,Factura,True,True,2024-05-11,False,
DOC0002907,SIN000969,Informe,True,True,2024-05-10,False,
DOC0002908,SIN000970,Denuncia,True,True,2025-01-26,False,
DOC0002909,SIN000970,Factura,True,True,2025-01-23,False,
DOC0002910,SIN000970,Informe,True,True,2025-01-24,False,
DOC0002911,SIN000971,Denuncia,True,True,2024-11-21,False,
DOC0002912,SIN000971,Factura,True,True,2024-11-17,False,
DOC0002913,SIN000971,Informe,True,True,2024-11-18,False,
DOC0002914,SIN000972,Denuncia,True,True,2025-05-23,False,
DOC0002915,SIN000972,Factura,True,True,2025-05-22,False,
DOC0002916,SIN000972,Informe,True,True,2025-05-24,False,
DOC0002917,SIN000973,Denuncia,True,True,2024-12-17,False,
DOC0002918,SIN000973,Factura,True,True,2024-12-20,False,
DOC0002919,SIN000973,Informe,True,True,2024-12-18,False,
DOC0002920,SIN000974,Denuncia,True,True,2024-09-01,False,
DOC0002921,SIN000974,Factura,True,True,2024-08-29,False,
DOC0002922,SIN000974,Informe,True,True,2024-08-30,False,
DOC0002923,SIN000975,Denuncia,True,True,2024-07-05,False,
DOC0002924,SIN000975,Factura,True,True,2024-07-02,False,
DOC0002925,SIN000975,Informe,True,True,2024-07-05,False,
DOC0002926,SIN000976,Denuncia,True,True,2024-07-21,False,
DOC0002927,SIN000976,Factura,True,True,2024-07-22,False,
DOC0002928,SIN000976,Informe,True,True,2024-07-21,False,
DOC0002929,SIN000977,Denuncia,True,True,2025-10-14,False,
DOC0002930,SIN000977,Factura,True,True,2025-10-13,False,
DOC0002931,SIN000977,Informe,True,True,2025-10-14,False,
DOC0002932,SIN000978,Denuncia,True,True,2024-09-16,False,
DOC0002933,SIN000978,Factura,True,True,2024-09-12,False,
DOC0002934,SIN000978,Informe,True,True,2024-09-16,False,
DOC0002935,SIN000979,Denuncia,True,True,2025-01-22,False,
DOC0002936,SIN000979,Factura,True,True,2025-01-23,False,
DOC0002937,SIN000979,Informe,True,True,2025-01-20,False,
DOC0002938,SIN000980,Denuncia,True,True,2025-01-10,False,
DOC0002939,SIN000980,Factura,True,True,2025-01-11,False,
DOC0002940,SIN000980,Informe,True,True,2025-01-10,False,
DOC0002941,SIN000981,Denuncia,True,True,2025-06-17,False,
DOC0002942,SIN000981,Factura,True,True,2025-06-14,False,
DOC0002943,SIN000981,Informe,True,True,2025-06-14,False,
DOC0002944,SIN000982,Denuncia,True,True,2024-02-29,False,
DOC0002945,SIN000982,Factura,True,True,2024-02-25,False,
DOC0002946,SIN000982,Informe,True,True,2024-03-01,False,
DOC0002947,SIN000983,Denuncia,True,True,2024-10-23,False,
DOC0002948,SIN000983,Factura,True,True,2024-10-23,False,
DOC0002949,SIN000983,Informe,True,True,2024-10-24,False,
DOC0002950,SIN000984,Denuncia,True,True,2025-06-10,False,
DOC0002951,SIN000984,Factura,True,True,2025-06-11,False,
DOC0002952,SIN000984,Informe,True,True,2025-06-11,False,
DOC0002953,SIN000985,Denuncia,True,True,2025-02-20,False,
DOC0002954,SIN000985,Factura,True,True,2025-02-25,False,
DOC0002955,SIN000985,Informe,True,True,2025-02-21,False,
DOC0002956,SIN000986,Denuncia,True,True,2025-06-04,False,
DOC0002957,SIN000986,Factura,True,True,2025-06-07,False,
DOC0002958,SIN000986,Informe,True,True,2025-06-05,False,
DOC0002959,SIN000987,Denuncia,True,True,2024-07-27,False,
DOC0002960,SIN000987,Factura,True,True,2024-07-25,False,
DOC0002961,SIN000987,Informe,True,True,2024-07-26,False,
DOC0002962,SIN000988,Denuncia,True,True,2024-04-03,False,
DOC0002963,SIN000988,Factura,True,True,2024-04-06,False,
DOC0002964,SIN000988,Informe,True,True,2024-04-07,False,
DOC0002965,SIN000989,Denuncia,True,True,2024-07-13,False,
DOC0002966,SIN000989,Factura,True,True,2024-07-10,False,
DOC0002967,SIN000989,Informe,True,True,2024-07-10,False,
DOC0002968,SIN000990,Denuncia,True,True,2025-01-01,False,
DOC0002969,SIN000990,Factura,True,True,2025-01-01,False,
DOC0002970,SIN000990,Informe,True,True,2025-01-04,False,
DOC0002971,SIN000991,Denuncia,True,True,2024-08-22,False,
DOC0002972,SIN000991,Factura,True,True,2024-08-22,False,
DOC0002973,SIN000991,Informe,True,True,2024-08-20,False,
DOC0002974,SIN000992,Denuncia,True,True,2025-03-30,False,
DOC0002975,SIN000992,Factura,True,True,2025-03-29,False,
DOC0002976,SIN000992,Informe,True,True,2025-03-29,False,
DOC0002977,SIN000993,Denuncia,True,True,2025-04-30,False,
DOC0002978,SIN000993,Factura,True,True,2025-04-28,False,
DOC0002979,SIN000993,Informe,True,True,2025-05-02,False,
DOC0002980,SIN000994,Denuncia,True,True,2025-02-14,False,
DOC0002981,SIN000994,Factura,True,True,2025-02-16,False,
DOC0002982,SIN000994,Informe,True,True,2025-02-18,False,
DOC0002983,SIN000995,Denuncia,True,True,2024-09-24,False,
DOC0002984,SIN000995,Factura,True,True,2024-09-20,False,
DOC0002985,SIN000995,Informe,True,True,2024-09-19,False,
DOC0002986,SIN000996,Denuncia,True,True,2025-03-28,False,
DOC0002987,SIN000996,Factura,True,True,2025-03-28,False,
DOC0002988,SIN000996,Informe,True,True,2025-03-28,False,
DOC0002989,SIN000997,Denuncia,True,True,2025-02-19,False,
DOC0002990,SIN000997,Factura,True,True,2025-02-21,False,
DOC0002991,SIN000997,Informe,True,True,2025-02-18,False,
DOC0002992,SIN000998,Denuncia,True,True,2025-08-07,False,
DOC0002993,SIN000998,Factura,True,True,2025-08-10,False,
DOC0002994,SIN000998,Informe,True,True,2025-08-05,False,
DOC0002995,SIN000999,Denuncia,True,True,2025-03-21,False,
DOC0002996,SIN000999,Factura,True,True,2025-03-21,False,
DOC0002997,SIN000999,Informe,True,True,2025-03-19,False,
DOC0002998,SIN001000,Denuncia,True,True,2024-09-26,False,
DOC0002999,SIN001000,Factura,True,True,2024-09-25,False,
DOC0003000,SIN001000,Informe,True,True,2024-09-25,False,
DOC0003001,SIN001001,Denuncia,True,True,2025-08-04,False,
DOC0003002,SIN001001,Factura,True,True,2025-08-03,False,
DOC0003003,SIN001001,Informe,True,True,2025-08-03,False,
DOC0003004,SIN001002,Denuncia,True,True,2025-01-18,False,
DOC0003005,SIN001002,Factura,True,True,2025-01-18,False,
DOC0003006,SIN001002,Informe,True,True,2025-01-14,False,
DOC0003007,SIN001003,Denuncia,True,True,2024-11-25,False,
DOC0003008,SIN001003,Factura,True,True,2024-11-30,False,
DOC0003009,SIN001003,Informe,True,True,2024-11-25,False,
DOC0003010,SIN001004,Denuncia,True,True,2024-12-13,False,
DOC0003011,SIN001004,Factura,True,True,2024-12-10,False,
DOC0003012,SIN001004,Informe,True,True,2024-12-12,False,
DOC0003013,SIN001005,Denuncia,True,True,2025-06-11,False,
DOC0003014,SIN001005,Factura,True,True,2025-06-12,False,
DOC0003015,SIN001005,Informe,True,True,2025-06-12,False,
DOC0003016,SIN001006,Denuncia,True,True,2024-12-31,False,
DOC0003017,SIN001006,Factura,True,True,2025-01-01,False,
DOC0003018,SIN001006,Informe,True,True,2024-12-30,False,
DOC0003019,SIN001007,Denuncia,True,True,2024-06-07,False,
DOC0003020,SIN001007,Factura,True,True,2024-06-07,False,
DOC0003021,SIN001007,Informe,True,True,2024-06-07,False,
DOC0003022,SIN001008,Denuncia,True,True,2025-04-18,False,
DOC0003023,SIN001008,Factura,True,True,2025-04-18,False,
DOC0003024,SIN001008,Informe,True,True,2025-04-16,False,
DOC0003025,SIN001009,Denuncia,True,True,2025-04-25,False,
DOC0003026,SIN001009,Factura,True,True,2025-04-26,False,
DOC0003027,SIN001009,Informe,True,True,2025-04-26,False,
DOC0003028,SIN001010,Denuncia,True,True,2024-08-01,False,
DOC0003029,SIN001010,Factura,True,True,2024-08-02,False,
DOC0003030,SIN001010,Informe,True,True,2024-08-03,False,
DOC0003031,SIN001011,Denuncia,True,True,2024-10-10,False,
DOC0003032,SIN001011,Factura,True,True,2024-10-05,False,
DOC0003033,SIN001011,Informe,True,True,2024-10-06,False,
DOC0003034,SIN001012,Denuncia,True,True,2025-04-20,False,
DOC0003035,SIN001012,Factura,True,True,2025-04-24,False,
DOC0003036,SIN001012,Informe,True,True,2025-04-22,False,
DOC0003037,SIN001013,Denuncia,True,True,2025-06-05,False,
DOC0003038,SIN001013,Factura,True,True,2025-06-04,False,
DOC0003039,SIN001013,Informe,True,True,2025-06-05,False,
DOC0003040,SIN001014,Denuncia,True,True,2024-07-12,False,
DOC0003041,SIN001014,Factura,True,True,2024-07-11,False,
DOC0003042,SIN001014,Informe,True,True,2024-07-11,False,
DOC0003043,SIN001015,Denuncia,True,True,2025-05-14,False,
DOC0003044,SIN001015,Factura,True,True,2025-05-15,False,
DOC0003045,SIN001015,Informe,True,True,2025-05-12,False,
DOC0003046,SIN001016,Denuncia,True,True,2025-09-21,False,
DOC0003047,SIN001016,Factura,True,True,2025-09-20,False,
DOC0003048,SIN001016,Informe,True,True,2025-09-18,False,
DOC0003049,SIN001017,Denuncia,True,True,2025-01-27,False,
DOC0003050,SIN001017,Factura,True,True,2025-01-27,False,
DOC0003051,SIN001017,Informe,True,True,2025-01-31,False,
DOC0003052,SIN001018,Denuncia,True,True,2025-09-17,False,
DOC0003053,SIN001018,Factura,True,True,2025-09-13,False,
DOC0003054,SIN001018,Informe,True,True,2025-09-15,False,
DOC0003055,SIN001019,Denuncia,True,True,2024-12-01,False,
DOC0003056,SIN001019,Factura,True,True,2024-12-01,False,
DOC0003057,SIN001019,Informe,True,True,2024-12-01,False,
DOC0003058,SIN001020,Denuncia,True,True,2025-06-14,False,
DOC0003059,SIN001020,Factura,True,True,2025-06-16,False,
DOC0003060,SIN001020,Informe,True,True,2025-06-17,False,
DOC0003061,SIN001021,Denuncia,True,True,2024-07-15,False,
DOC0003062,SIN001021,Factura,True,True,2024-07-13,False,
DOC0003063,SIN001021,Informe,True,True,2024-07-13,False,
DOC0003064,SIN001022,Denuncia,True,True,2024-09-26,False,
DOC0003065,SIN001022,Factura,True,True,2024-09-22,False,
DOC0003066,SIN001022,Informe,True,True,2024-09-26,False,
DOC0003067,SIN001023,Denuncia,True,True,2025-07-12,False,
DOC0003068,SIN001023,Factura,True,True,2025-07-09,False,
DOC0003069,SIN001023,Informe,True,True,2025-07-10,False,
DOC0003070,SIN001024,Denuncia,True,True,2025-06-08,False,
DOC0003071,SIN001024,Factura,True,True,2025-06-09,False,
DOC0003072,SIN001024,Informe,True,True,2025-06-10,False,
DOC0003073,SIN001025,Denuncia,True,True,2024-12-01,False,
DOC0003074,SIN001025,Factura,True,True,2024-11-29,False,
DOC0003075,SIN001025,Informe,True,True,2024-12-04,False,
DOC0003076,SIN001026,Denuncia,True,True,2024-07-23,False,
DOC0003077,SIN001026,Factura,True,True,2024-07-20,False,
DOC0003078,SIN001026,Informe,True,True,2024-07-19,False,
DOC0003079,SIN001027,Denuncia,True,True,2024-06-05,False,
DOC0003080,SIN001027,Factura,True,True,2024-06-05,False,
DOC0003081,SIN001027,Informe,True,True,2024-06-05,False,
DOC0003082,SIN001028,Denuncia,True,True,2025-03-10,False,
DOC0003083,SIN001028,Factura,True,True,2025-03-09,False,
DOC0003084,SIN001028,Informe,True,True,2025-03-10,False,
DOC0003085,SIN001029,Denuncia,True,True,2025-07-31,False,
DOC0003086,SIN001029,Factura,True,True,2025-07-27,False,
DOC0003087,SIN001029,Informe,True,True,2025-07-31,False,
DOC0003088,SIN001030,Denuncia,True,True,2025-06-20,False,
DOC0003089,SIN001030,Factura,True,True,2025-06-17,False,
DOC0003090,SIN001030,Informe,True,True,2025-06-15,False,
DOC0003091,SIN001031,Denuncia,True,True,2025-07-04,False,
DOC0003092,SIN001031,Factura,True,True,2025-07-06,False,
DOC0003093,SIN001031,Informe,True,True,2025-07-05,False,
DOC0003094,SIN001032,Denuncia,True,True,2024-06-24,False,
DOC0003095,SIN001032,Factura,True,True,2024-06-24,False,
DOC0003096,SIN001032,Informe,True,True,2024-06-25,False,
DOC0003097,SIN001033,Denuncia,True,True,2024-08-27,False,
DOC0003098,SIN001033,Factura,True,True,2024-08-28,False,
DOC0003099,SIN001033,Informe,True,True,2024-08-28,False,
DOC0003100,SIN001034,Denuncia,True,True,2024-08-04,False,
DOC0003101,SIN001034,Factura,True,True,2024-08-04,False,
DOC0003102,SIN001034,Informe,True,True,2024-08-01,False,
DOC0003103,SIN001035,Denuncia,True,True,2024-12-08,False,
DOC0003104,SIN001035,Factura,True,True,2024-12-07,False,
DOC0003105,SIN001035,Informe,True,True,2024-12-03,False,
DOC0003106,SIN001036,Denuncia,True,True,2024-06-29,False,
DOC0003107,SIN001036,Factura,True,True,2024-06-30,False,
DOC0003108,SIN001036,Informe,True,True,2024-06-25,False,
DOC0003109,SIN001037,Denuncia,True,True,2024-12-25,False,
DOC0003110,SIN001037,Factura,True,True,2024-12-24,False,
DOC0003111,SIN001037,Informe,True,True,2024-12-22,False,
DOC0003112,SIN001038,Denuncia,True,True,2025-05-01,False,
DOC0003113,SIN001038,Factura,True,True,2025-05-02,False,
DOC0003114,SIN001038,Informe,True,True,2025-04-30,False,
DOC0003115,SIN001039,Denuncia,True,True,2025-04-17,False,
DOC0003116,SIN001039,Factura,True,True,2025-04-18,False,
DOC0003117,SIN001039,Informe,True,True,2025-04-15,False,
DOC0003118,SIN001040,Denuncia,True,True,2024-06-03,False,
DOC0003119,SIN001040,Factura,True,True,2024-06-03,False,
DOC0003120,SIN001040,Informe,True,True,2024-06-07,False,
DOC0003121,SIN001041,Denuncia,True,True,2025-05-27,False,
DOC0003122,SIN001041,Factura,True,True,2025-05-31,False,
DOC0003123,SIN001041,Informe,True,True,2025-06-01,False,
DOC0003124,SIN001042,Denuncia,True,True,2025-11-12,False,
DOC0003125,SIN001042,Factura,True,True,2025-11-07,False,
DOC0003126,SIN001042,Informe,True,True,2025-11-07,False,
DOC0003127,SIN001043,Denuncia,True,True,2024-05-05,False,
DOC0003128,SIN001043,Factura,True,True,2024-05-06,False,
DOC0003129,SIN001043,Informe,True,True,2024-05-04,False,
DOC0003130,SIN001044,Denuncia,True,True,2024-12-01,False,
DOC0003131,SIN001044,Factura,True,True,2024-12-01,False,
DOC0003132,SIN001044,Informe,True,True,2024-11-29,False,
DOC0003133,SIN001045,Denuncia,True,True,2024-12-28,False,
DOC0003134,SIN001045,Factura,True,True,2024-12-27,False,
DOC0003135,SIN001045,Informe,True,True,2024-12-29,False,
DOC0003136,SIN001046,Denuncia,True,True,2025-02-17,False,
DOC0003137,SIN001046,Factura,True,True,2025-02-15,False,
DOC0003138,SIN001046,Informe,True,True,2025-02-17,False,
DOC0003139,SIN001047,Denuncia,True,True,2025-05-17,False,
DOC0003140,SIN001047,Factura,True,True,2025-05-18,False,
DOC0003141,SIN001047,Informe,True,True,2025-05-17,False,
DOC0003142,SIN001048,Denuncia,True,True,2024-06-22,False,
DOC0003143,SIN001048,Factura,True,True,2024-06-22,False,
DOC0003144,SIN001048,Informe,True,True,2024-06-24,False,
DOC0003145,SIN001049,Denuncia,True,True,2024-09-04,False,
DOC0003146,SIN001049,Factura,True,True,2024-09-05,False,
DOC0003147,SIN001049,Informe,True,True,2024-09-08,False,
DOC0003148,SIN001050,Denuncia,True,True,2025-06-06,False,
DOC0003149,SIN001050,Factura,True,True,2025-06-06,False,
DOC0003150,SIN001050,Informe,True,True,2025-06-05,False,
DOC0003151,SIN001051,Denuncia,True,True,2024-11-28,False,
DOC0003152,SIN001051,Factura,True,True,2024-11-28,False,
DOC0003153,SIN001051,Informe,True,True,2024-11-29,False,
DOC0003154,SIN001052,Denuncia,True,True,2025-01-19,False,
DOC0003155,SIN001052,Factura,True,True,2025-01-20,False,
DOC0003156,SIN001052,Informe,True,True,2025-01-18,False,
DOC0003157,SIN001053,Denuncia,True,True,2025-02-10,False,
DOC0003158,SIN001053,Factura,True,True,2025-02-11,False,
DOC0003159,SIN001053,Informe,True,True,2025-02-08,False,
DOC0003160,SIN001054,Denuncia,True,True,2025-03-17,False,
DOC0003161,SIN001054,Factura,True,True,2025-03-16,False,
DOC0003162,SIN001054,Informe,True,True,2025-03-16,False,
DOC0003163,SIN001055,Denuncia,True,True,2024-07-23,False,
DOC0003164,SIN001055,Factura,True,True,2024-07-21,False,
DOC0003165,SIN001055,Informe,True,True,2024-07-20,False,
DOC0003166,SIN001056,Denuncia,True,True,2025-01-31,False,
DOC0003167,SIN001056,Factura,True,True,2025-02-05,False,
DOC0003168,SIN001056,Informe,True,True,2025-02-05,False,
DOC0003169,SIN001057,Denuncia,True,True,2024-12-26,False,
DOC0003170,SIN001057,Factura,True,True,2024-12-24,False,
DOC0003171,SIN001057,Informe,True,True,2024-12-23,False,
DOC0003172,SIN001058,Denuncia,True,True,2025-02-26,False,
DOC0003173,SIN001058,Factura,True,True,2025-02-28,False,
DOC0003174,SIN001058,Informe,True,True,2025-03-03,False,
DOC0003175,SIN001059,Denuncia,True,True,2024-12-08,False,
DOC0003176,SIN001059,Factura,True,True,2024-12-06,False,
DOC0003177,SIN001059,Informe,True,True,2024-12-07,False,
DOC0003178,SIN001060,Denuncia,True,True,2024-09-01,False,
DOC0003179,SIN001060,Factura,True,True,2024-09-04,False,
DOC0003180,SIN001060,Informe,True,True,2024-09-03,False,
DOC0003181,SIN001061,Denuncia,True,True,2024-04-17,False,
DOC0003182,SIN001061,Factura,True,True,2024-04-14,False,
DOC0003183,SIN001061,Informe,True,True,2024-04-17,False,
DOC0003184,SIN001062,Denuncia,True,True,2025-06-05,False,
DOC0003185,SIN001062,Factura,True,True,2025-06-08,False,
DOC0003186,SIN001062,Informe,True,True,2025-06-04,False,
DOC0003187,SIN001063,Denuncia,True,True,2024-11-01,False,
DOC0003188,SIN001063,Factura,True,True,2024-11-01,False,
DOC0003189,SIN001063,Informe,True,True,2024-11-03,False,
DOC0003190,SIN001064,Denuncia,True,True,2025-06-23,False,
DOC0003191,SIN001064,Factura,True,True,2025-06-24,False,
DOC0003192,SIN001064,Informe,True,True,2025-06-24,False,
DOC0003193,SIN001065,Denuncia,True,True,2025-01-01,False,
DOC0003194,SIN001065,Factura,True,True,2025-01-06,False,
DOC0003195,SIN001065,Informe,True,True,2025-01-01,False,
DOC0003196,SIN001066,Denuncia,True,True,2024-12-28,False,
DOC0003197,SIN001066,Factura,True,True,2025-01-01,False,
DOC0003198,SIN001066,Informe,True,True,2024-12-27,False,
DOC0003199,SIN001067,Denuncia,True,True,2025-02-16,False,
DOC0003200,SIN001067,Factura,True,True,2025-02-12,False,
DOC0003201,SIN001067,Informe,True,True,2025-02-14,False,
DOC0003202,SIN001068,Denuncia,True,True,2025-07-15,False,
DOC0003203,SIN001068,Factura,True,True,2025-07-17,False,
DOC0003204,SIN001068,Informe,True,True,2025-07-16,False,
DOC0003205,SIN001069,Denuncia,True,True,2025-05-26,False,
DOC0003206,SIN001069,Factura,True,True,2025-05-30,False,
DOC0003207,SIN001069,Informe,True,True,2025-05-31,False,
DOC0003208,SIN001070,Denuncia,True,True,2024-12-03,False,
DOC0003209,SIN001070,Factura,True,True,2024-12-03,False,
DOC0003210,SIN001070,Informe,True,True,2024-12-01,False,
DOC0003211,SIN001071,Denuncia,True,True,2025-03-03,False,
DOC0003212,SIN001071,Factura,True,True,2025-03-02,False,
DOC0003213,SIN001071,Informe,True,True,2025-03-03,False,
DOC0003214,SIN001072,Denuncia,True,True,2025-02-24,False,
DOC0003215,SIN001072,Factura,True,True,2025-02-25,False,
DOC0003216,SIN001072,Informe,True,True,2025-02-22,False,
DOC0003217,SIN001073,Denuncia,True,True,2024-08-23,False,
DOC0003218,SIN001073,Factura,True,True,2024-08-25,False,
DOC0003219,SIN001073,Informe,True,True,2024-08-23,False,
DOC0003220,SIN001074,Denuncia,True,True,2024-03-23,False,
DOC0003221,SIN001074,Factura,True,True,2024-03-24,False,
DOC0003222,SIN001074,Informe,True,True,2024-03-23,False,
DOC0003223,SIN001075,Denuncia,True,True,2025-07-25,False,
DOC0003224,SIN001075,Factura,True,True,2025-07-24,False,
DOC0003225,SIN001075,Informe,True,True,2025-07-26,False,
DOC0003226,SIN001076,Denuncia,True,True,2025-01-05,False,
DOC0003227,SIN001076,Factura,True,True,2025-01-03,False,
DOC0003228,SIN001076,Informe,True,True,2025-01-03,False,
DOC0003229,SIN001077,Denuncia,True,True,2024-12-18,False,
DOC0003230,SIN001077,Factura,True,True,2024-12-22,False,
DOC0003231,SIN001077,Informe,True,True,2024-12-17,False,
DOC0003232,SIN001078,Denuncia,True,True,2025-05-04,False,
DOC0003233,SIN001078,Factura,True,True,2025-05-05,False,
DOC0003234,SIN001078,Informe,True,True,2025-05-08,False,
DOC0003235,SIN001079,Denuncia,True,True,2024-07-13,False,
DOC0003236,SIN001079,Factura,True,True,2024-07-12,False,
DOC0003237,SIN001079,Informe,True,True,2024-07-09,False,
DOC0003238,SIN001080,Denuncia,True,True,2025-04-29,False,
DOC0003239,SIN001080,Factura,True,True,2025-04-27,False,
DOC0003240,SIN001080,Informe,True,True,2025-05-01,False,
DOC0003241,SIN001081,Denuncia,True,True,2024-02-22,False,
DOC0003242,SIN001081,Factura,True,True,2024-02-26,False,
DOC0003243,SIN001081,Informe,True,True,2024-02-26,False,
DOC0003244,SIN001082,Denuncia,True,True,2025-06-30,False,
DOC0003245,SIN001082,Factura,True,True,2025-07-04,False,
DOC0003246,SIN001082,Informe,True,True,2025-06-30,False,
DOC0003247,SIN001083,Denuncia,True,True,2024-12-03,False,
DOC0003248,SIN001083,Factura,True,True,2024-11-30,False,
DOC0003249,SIN001083,Informe,True,True,2024-11-28,False,
DOC0003250,SIN001084,Denuncia,True,True,2024-09-03,False,
DOC0003251,SIN001084,Factura,True,True,2024-09-02,False,
DOC0003252,SIN001084,Informe,True,True,2024-09-03,False,
DOC0003253,SIN001085,Denuncia,True,True,2024-03-01,False,
DOC0003254,SIN001085,Factura,True,True,2024-03-01,False,
DOC0003255,SIN001085,Informe,True,True,2024-02-29,False,
DOC0003256,SIN001086,Denuncia,True,True,2025-01-02,False,
DOC0003257,SIN001086,Factura,True,True,2024-12-29,False,
DOC0003258,SIN001086,Informe,True,True,2024-12-31,False,
DOC0003259,SIN001087,Denuncia,True,True,2024-10-14,False,
DOC0003260,SIN001087,Factura,True,True,2024-10-16,False,
DOC0003261,SIN001087,Informe,True,True,2024-10-19,False,
DOC0003262,SIN001088,Denuncia,True,True,2025-03-01,False,
DOC0003263,SIN001088,Factura,True,True,2025-03-03,False,
DOC0003264,SIN001088,Informe,True,True,2025-03-01,False,
DOC0003265,SIN001089,Denuncia,True,True,2025-01-03,False,
DOC0003266,SIN001089,Factura,True,True,2025-01-01,False,
DOC0003267,SIN001089,Informe,True,True,2025-01-05,False,
DOC0003268,SIN001090,Denuncia,True,True,2025-01-29,False,
DOC0003269,SIN001090,Factura,True,True,2025-01-27,False,
DOC0003270,SIN001090,Informe,True,True,2025-02-01,False,
DOC0003271,SIN001091,Denuncia,True,True,2024-10-11,False,
DOC0003272,SIN001091,Factura,True,True,2024-10-16,False,
DOC0003273,SIN001091,Informe,True,True,2024-10-12,False,
DOC0003274,SIN001092,Denuncia,True,True,2024-09-03,False,
DOC0003275,SIN001092,Factura,True,True,2024-08-31,False,
DOC0003276,SIN001092,Informe,True,True,2024-09-01,False,
DOC0003277,SIN001093,Denuncia,True,True,2024-12-24,False,
DOC0003278,SIN001093,Factura,True,True,2024-12-21,False,
DOC0003279,SIN001093,Informe,True,True,2024-12-24,False,
DOC0003280,SIN001094,Denuncia,True,True,2024-11-07,False,
DOC0003281,SIN001094,Factura,True,True,2024-11-10,False,
DOC0003282,SIN001094,Informe,True,True,2024-11-11,False,
DOC0003283,SIN001095,Denuncia,True,True,2025-09-30,False,
DOC0003284,SIN001095,Factura,True,True,2025-09-28,False,
DOC0003285,SIN001095,Informe,True,True,2025-09-30,False,
DOC0003286,SIN001096,Denuncia,True,True,2025-07-10,False,
DOC0003287,SIN001096,Factura,True,True,2025-07-08,False,
DOC0003288,SIN001096,Informe,True,True,2025-07-09,False,
DOC0003289,SIN001097,Denuncia,True,True,2025-09-01,False,
DOC0003290,SIN001097,Factura,True,True,2025-09-03,False,
DOC0003291,SIN001097,Informe,True,True,2025-09-02,False,
DOC0003292,SIN001098,Denuncia,True,True,2025-07-23,False,
DOC0003293,SIN001098,Factura,True,True,2025-07-21,False,
DOC0003294,SIN001098,Informe,True,True,2025-07-22,False,
DOC0003295,SIN001099,Denuncia,True,True,2025-01-18,False,
DOC0003296,SIN001099,Factura,True,True,2025-01-15,False,
DOC0003297,SIN001099,Informe,True,True,2025-01-18,False,
DOC0003298,SIN001100,Denuncia,True,True,2024-10-02,False,
DOC0003299,SIN001100,Factura,True,True,2024-10-06,False,
DOC0003300,SIN001100,Informe,True,True,2024-10-05,False,
DOC0003301,SIN001101,Denuncia,True,True,2024-12-12,False,
DOC0003302,SIN001101,Factura,True,True,2024-12-08,False,
DOC0003303,SIN001101,Informe,True,True,2024-12-09,False,
DOC0003304,SIN001102,Denuncia,True,True,2024-08-17,False,
DOC0003305,SIN001102,Factura,True,True,2024-08-16,False,
DOC0003306,SIN001102,Informe,True,True,2024-08-19,False,
DOC0003307,SIN001103,Denuncia,True,True,2024-01-17,False,
DOC0003308,SIN001103,Factura,True,True,2024-01-15,False,
DOC0003309,SIN001103,Informe,True,True,2024-01-12,False,
DOC0003310,SIN001104,Denuncia,True,True,2024-11-25,False,
DOC0003311,SIN001104,Factura,True,True,2024-11-24,False,
DOC0003312,SIN001104,Informe,True,True,2024-11-25,False,
DOC0003313,SIN001105,Denuncia,True,True,2024-07-11,False,
DOC0003314,SIN001105,Factura,True,True,2024-07-15,False,
DOC0003315,SIN001105,Informe,True,True,2024-07-11,False,
DOC0003316,SIN001106,Denuncia,True,True,2024-09-09,False,
DOC0003317,SIN001106,Factura,True,True,2024-09-08,False,
DOC0003318,SIN001106,Informe,True,True,2024-09-11,False,
DOC0003319,SIN001107,Denuncia,True,True,2024-10-17,False,
DOC0003320,SIN001107,Factura,True,True,2024-10-14,False,
DOC0003321,SIN001107,Informe,True,True,2024-10-13,False,
DOC0003322,SIN001108,Denuncia,True,True,2024-04-23,False,
DOC0003323,SIN001108,Factura,True,True,2024-04-26,False,
DOC0003324,SIN001108,Informe,True,True,2024-04-22,False,
DOC0003325,SIN001109,Denuncia,True,True,2024-10-26,False,
DOC0003326,SIN001109,Factura,True,True,2024-10-27,False,
DOC0003327,SIN001109,Informe,True,True,2024-10-27,False,
DOC0003328,SIN001110,Denuncia,True,True,2024-02-10,False,
DOC0003329,SIN001110,Factura,True,True,2024-02-08,False,
DOC0003330,SIN001110,Informe,True,True,2024-02-09,False,
DOC0003331,SIN001111,Denuncia,True,True,2024-07-15,False,
DOC0003332,SIN001111,Factura,True,True,2024-07-12,False,
DOC0003333,SIN001111,Informe,True,True,2024-07-15,False,
DOC0003334,SIN001112,Denuncia,True,True,2024-12-09,False,
DOC0003335,SIN001112,Factura,True,True,2024-12-11,False,
DOC0003336,SIN001112,Informe,True,True,2024-12-11,False,
DOC0003337,SIN001113,Denuncia,True,True,2024-07-26,False,
DOC0003338,SIN001113,Factura,True,True,2024-07-23,False,
DOC0003339,SIN001113,Informe,True,True,2024-07-22,False,
DOC0003340,SIN001114,Denuncia,True,True,2024-04-24,False,
DOC0003341,SIN001114,Factura,True,True,2024-04-20,False,
DOC0003342,SIN001114,Informe,True,True,2024-04-24,False,
DOC0003343,SIN001115,Denuncia,True,True,2024-12-20,False,
DOC0003344,SIN001115,Factura,True,True,2024-12-19,False,
DOC0003345,SIN001115,Informe,True,True,2024-12-15,False,
DOC0003346,SIN001116,Denuncia,True,True,2024-07-22,False,
DOC0003347,SIN001116,Factura,True,True,2024-07-22,False,
DOC0003348,SIN001116,Informe,True,True,2024-07-23,False,
DOC0003349,SIN001117,Denuncia,True,True,2024-10-26,False,
DOC0003350,SIN001117,Factura,True,True,2024-10-26,False,
DOC0003351,SIN001117,Informe,True,True,2024-10-23,False,
DOC0003352,SIN001118,Denuncia,True,True,2024-05-15,False,
DOC0003353,SIN001118,Factura,True,True,2024-05-14,False,
DOC0003354,SIN001118,Informe,True,True,2024-05-17,False,
DOC0003355,SIN001119,Denuncia,True,True,2024-03-01,False,
DOC0003356,SIN001119,Factura,True,True,2024-03-05,False,
DOC0003357,SIN001119,Informe,True,True,2024-03-04,False,
DOC0003358,SIN001120,Denuncia,True,True,2024-10-01,False,
DOC0003359,SIN001120,Factura,True,True,2024-10-02,False,
DOC0003360,SIN001120,Informe,True,True,2024-10-01,False,
DOC0003361,SIN001121,Denuncia,True,True,2024-11-13,False,
DOC0003362,SIN001121,Factura,True,True,2024-11-12,False,
DOC0003363,SIN001121,Informe,True,True,2024-11-13,False,
DOC0003364,SIN001122,Denuncia,True,True,2024-06-05,False,
DOC0003365,SIN001122,Factura,True,True,2024-05-31,False,
DOC0003366,SIN001122,Informe,True,True,2024-06-04,False,
DOC0003367,SIN001123,Denuncia,True,True,2024-04-07,False,
DOC0003368,SIN001123,Factura,True,True,2024-04-09,False,
DOC0003369,SIN001123,Informe,True,True,2024-04-05,False,
DOC0003370,SIN001124,Denuncia,True,True,2024-05-01,False,
DOC0003371,SIN001124,Factura,True,True,2024-04-29,False,
DOC0003372,SIN001124,Informe,True,True,2024-05-04,False,
DOC0003373,SIN001125,Denuncia,True,True,2024-07-18,False,
DOC0003374,SIN001125,Factura,True,True,2024-07-20,False,
DOC0003375,SIN001125,Informe,True,True,2024-07-16,False,
DOC0003376,SIN001126,Denuncia,True,True,2024-08-22,False,
DOC0003377,SIN001126,Factura,True,True,2024-08-25,False,
DOC0003378,SIN001126,Informe,True,True,2024-08-24,False,
DOC0003379,SIN001127,Denuncia,True,True,2024-07-13,False,
DOC0003380,SIN001127,Factura,True,True,2024-07-09,False,
DOC0003381,SIN001127,Informe,True,True,2024-07-09,False,
DOC0003382,SIN001128,Denuncia,True,True,2024-01-08,False,
DOC0003383,SIN001128,Factura,True,True,2024-01-11,False,
DOC0003384,SIN001128,Informe,True,True,2024-01-08,False,
DOC0003385,SIN001129,Denuncia,True,True,2024-08-13,False,
DOC0003386,SIN001129,Factura,True,True,2024-08-17,False,
DOC0003387,SIN001129,Informe,True,True,2024-08-14,False,
DOC0003388,SIN001130,Denuncia,True,True,2024-04-15,False,
DOC0003389,SIN001130,Factura,True,True,2024-04-15,False,
DOC0003390,SIN001130,Informe,True,True,2024-04-17,False,
DOC0003391,SIN001131,Denuncia,True,True,2024-08-11,False,
DOC0003392,SIN001131,Factura,True,True,2024-08-10,False,
DOC0003393,SIN001131,Informe,True,True,2024-08-07,False,
DOC0003394,SIN001132,Denuncia,True,True,2024-02-26,False,
DOC0003395,SIN001132,Factura,True,True,2024-02-25,False,
DOC0003396,SIN001132,Informe,True,True,2024-02-22,False,
DOC0003397,SIN001133,Denuncia,True,True,2024-06-01,False,
DOC0003398,SIN001133,Factura,True,True,2024-06-04,False,
DOC0003399,SIN001133,Informe,True,True,2024-05-31,False,
DOC0003400,SIN001134,Denuncia,True,True,2024-03-19,False,
DOC0003401,SIN001134,Factura,True,True,2024-03-19,False,
DOC0003402,SIN001134,Informe,True,True,2024-03-18,False,
DOC0003403,SIN001135,Denuncia,True,True,2025-01-01,False,
DOC0003404,SIN001135,Factura,True,True,2024-12-31,False,
DOC0003405,SIN001135,Informe,True,True,2024-12-29,False,
DOC0003406,SIN001136,Denuncia,True,True,2024-06-29,False,
DOC0003407,SIN001136,Factura,True,True,2024-06-28,False,
DOC0003408,SIN001136,Informe,True,True,2024-06-30,False,
DOC0003409,SIN001137,Denuncia,True,True,2024-12-03,False,
DOC0003410,SIN001137,Factura,True,True,2024-12-06,False,
DOC0003411,SIN001137,Informe,True,True,2024-12-04,False,
DOC0003412,SIN001138,Denuncia,True,True,2024-02-17,False,
DOC0003413,SIN001138,Factura,True,True,2024-02-22,False,
DOC0003414,SIN001138,Informe,True,True,2024-02-17,False,
DOC0003415,SIN001139,Denuncia,True,True,2024-03-17,False,
DOC0003416,SIN001139,Factura,True,True,2024-03-16,False,
DOC0003417,SIN001139,Informe,True,True,2024-03-16,False,
DOC0003418,SIN001140,Denuncia,True,True,2024-12-10,False,
DOC0003419,SIN001140,Factura,True,True,2024-12-09,False,
DOC0003420,SIN001140,Informe,True,True,2024-12-09,False,
DOC0003421,SIN001141,Denuncia,True,True,2024-05-25,False,
DOC0003422,SIN001141,Factura,True,True,2024-05-25,False,
DOC0003423,SIN001141,Informe,True,True,2024-05-26,False,
DOC0003424,SIN001142,Denuncia,True,True,2024-03-23,False,
DOC0003425,SIN001142,Factura,True,True,2024-03-24,False,
DOC0003426,SIN001142,Informe,True,True,2024-03-23,False,
DOC0003427,SIN001143,Denuncia,True,True,2024-01-09,False,
DOC0003428,SIN001143,Factura,True,True,2024-01-10,False,
DOC0003429,SIN001143,Informe,True,True,2024-01-09,False,
DOC0003430,SIN001144,Denuncia,True,True,2024-12-15,False,
DOC0003431,SIN001144,Factura,True,True,2024-12-16,False,
DOC0003432,SIN001144,Informe,True,True,2024-12-16,False,
DOC0003433,SIN001145,Denuncia,True,True,2024-11-26,False,
DOC0003434,SIN001145,Factura,True,True,2024-11-26,False,
DOC0003435,SIN001145,Informe,True,True,2024-11-28,False,
DOC0003436,SIN001146,Denuncia,True,True,2024-10-07,False,
DOC0003437,SIN001146,Factura,True,True,2024-10-11,False,
DOC0003438,SIN001146,Informe,True,True,2024-10-10,False,
DOC0003439,SIN001147,Denuncia,True,True,2024-06-29,False,
DOC0003440,SIN001147,Factura,True,True,2024-06-26,False,
DOC0003441,SIN001147,Informe,True,True,2024-06-29,False,
DOC0003442,SIN001148,Denuncia,True,True,2024-12-24,False,
DOC0003443,SIN001148,Factura,True,True,2024-12-26,False,
DOC0003444,SIN001148,Informe,True,True,2024-12-27,False,
DOC0003445,SIN001149,Denuncia,True,True,2024-05-29,False,
DOC0003446,SIN001149,Factura,True,True,2024-05-28,False,
DOC0003447,SIN001149,Informe,True,True,2024-05-28,False,
DOC0003448,SIN001150,Denuncia,True,True,2024-11-01,False,
DOC0003449,SIN001150,Factura,True,True,2024-11-03,False,
DOC0003450,SIN001150,Informe,True,True,2024-11-01,False,
DOC0003451,SIN001151,Denuncia,True,True,2024-12-10,False,
DOC0003452,SIN001151,Factura,True,True,2024-12-09,False,
DOC0003453,SIN001151,Informe,True,True,2024-12-11,False,
DOC0003454,SIN001152,Denuncia,True,True,2024-11-24,False,
DOC0003455,SIN001152,Factura,True,True,2024-11-23,False,
DOC0003456,SIN001152,Informe,True,True,2024-11-22,False,
DOC0003457,SIN001153,Denuncia,True,True,2024-08-10,False,
DOC0003458,SIN001153,Factura,True,True,2024-08-10,False,
DOC0003459,SIN001153,Informe,True,True,2024-08-06,False,
DOC0003460,SIN001154,Denuncia,True,True,2024-10-17,False,
DOC0003461,SIN001154,Factura,True,True,2024-10-21,False,
DOC0003462,SIN001154,Informe,True,True,2024-10-21,False,
DOC0003463,SIN001155,Denuncia,True,True,2024-12-11,False,
DOC0003464,SIN001155,Factura,True,True,2024-12-14,False,
DOC0003465,SIN001155,Informe,True,True,2024-12-13,False,
DOC0003466,SIN001156,Denuncia,True,True,2024-08-01,False,
DOC0003467,SIN001156,Factura,True,True,2024-08-02,False,
DOC0003468,SIN001156,Informe,True,True,2024-08-01,False,
DOC0003469,SIN001157,Denuncia,True,True,2024-09-25,False,
DOC0003470,SIN001157,Factura,True,True,2024-09-26,False,
DOC0003471,SIN001157,Informe,True,True,2024-09-28,False,
DOC0003472,SIN001158,Denuncia,True,True,2024-11-28,False,
DOC0003473,SIN001158,Factura,True,True,2024-11-27,False,
DOC0003474,SIN001158,Informe,True,True,2024-12-01,False,
DOC0003475,SIN001159,Denuncia,True,True,2024-06-01,False,
DOC0003476,SIN001159,Factura,True,True,2024-06-01,False,
DOC0003477,SIN001159,Informe,True,True,2024-06-01,False,
DOC0003478,SIN001160,Denuncia,True,True,2024-02-17,False,
DOC0003479,SIN001160,Factura,True,True,2024-02-18,False,
DOC0003480,SIN001160,Informe,True,True,2024-02-20,False,
DOC0003481,SIN001161,Denuncia,True,True,2025-07-27,False,
DOC0003482,SIN001161,Factura,True,True,2025-07-28,False,
DOC0003483,SIN001161,Informe,True,True,2025-07-30,False,
DOC0003484,SIN001162,Denuncia,True,True,2024-10-15,False,
DOC0003485,SIN001162,Factura,True,True,2024-10-16,False,
DOC0003486,SIN001162,Informe,True,True,2024-10-14,False,
DOC0003487,SIN001163,Denuncia,True,True,2025-04-02,False,
DOC0003488,SIN001163,Factura,True,True,2025-03-30,False,
DOC0003489,SIN001163,Informe,True,True,2025-03-30,False,
DOC0003490,SIN001164,Denuncia,True,True,2024-09-03,False,
DOC0003491,SIN001164,Factura,True,True,2024-09-03,False,
DOC0003492,SIN001164,Informe,True,True,2024-09-06,False,
DOC0003493,SIN001165,Denuncia,True,True,2024-12-30,False,
DOC0003494,SIN001165,Factura,True,True,2024-12-26,False,
DOC0003495,SIN001165,Informe,True,True,2024-12-26,False,
DOC0003496,SIN001166,Denuncia,True,True,2025-03-06,False,
DOC0003497,SIN001166,Factura,True,True,2025-03-07,False,
DOC0003498,SIN001166,Informe,True,True,2025-03-10,False,
DOC0003499,SIN001167,Denuncia,True,True,2025-01-26,False,
DOC0003500,SIN001167,Factura,True,True,2025-01-27,False,
DOC0003501,SIN001167,Informe,True,True,2025-01-29,False,
DOC0003502,SIN001168,Denuncia,True,True,2025-04-13,False,
DOC0003503,SIN001168,Factura,True,True,2025-04-10,False,
DOC0003504,SIN001168,Informe,True,True,2025-04-13,False,
DOC0003505,SIN001169,Denuncia,True,True,2025-10-02,False,
DOC0003506,SIN001169,Factura,True,True,2025-10-06,False,
DOC0003507,SIN001169,Informe,True,True,2025-10-05,False,
DOC0003508,SIN001170,Denuncia,True,True,2024-07-12,False,
DOC0003509,SIN001170,Factura,True,True,2024-07-13,False,
DOC0003510,SIN001170,Informe,True,True,2024-07-13,False,
DOC0003511,SIN001171,Denuncia,True,True,2025-10-21,False,
DOC0003512,SIN001171,Factura,True,True,2025-10-25,False,
DOC0003513,SIN001171,Informe,True,True,2025-10-22,False,
DOC0003514,SIN001172,Denuncia,True,True,2024-10-25,False,
DOC0003515,SIN001172,Factura,True,True,2024-10-24,False,
DOC0003516,SIN001172,Informe,True,True,2024-10-23,False,
DOC0003517,SIN001173,Denuncia,True,True,2024-11-16,False,
DOC0003518,SIN001173,Factura,True,True,2024-11-16,False,
DOC0003519,SIN001173,Informe,True,True,2024-11-15,False,
DOC0003520,SIN001174,Denuncia,True,True,2025-05-23,False,
DOC0003521,SIN001174,Factura,True,True,2025-05-20,False,
DOC0003522,SIN001174,Informe,True,True,2025-05-24,False,
DOC0003523,SIN001175,Denuncia,True,True,2025-07-26,False,
DOC0003524,SIN001175,Factura,True,True,2025-07-27,False,
DOC0003525,SIN001175,Informe,True,True,2025-07-26,False,
DOC0003526,SIN001176,Denuncia,True,True,2025-08-12,False,
DOC0003527,SIN001176,Factura,True,True,2025-08-17,False,
DOC0003528,SIN001176,Informe,True,True,2025-08-16,False,
DOC0003529,SIN001177,Denuncia,True,True,2024-08-26,False,
DOC0003530,SIN001177,Factura,True,True,2024-08-23,False,
DOC0003531,SIN001177,Informe,True,True,2024-08-28,False,
DOC0003532,SIN001178,Denuncia,True,True,2025-04-14,False,
DOC0003533,SIN001178,Factura,True,True,2025-04-13,False,
DOC0003534,SIN001178,Informe,True,True,2025-04-11,False,
DOC0003535,SIN001179,Denuncia,True,True,2024-10-09,False,
DOC0003536,SIN001179,Factura,True,True,2024-10-08,False,
DOC0003537,SIN001179,Informe,True,True,2024-10-06,False,
DOC0003538,SIN001180,Denuncia,True,True,2024-03-11,False,
DOC0003539,SIN001180,Factura,True,True,2024-03-11,False,
DOC0003540,SIN001180,Informe,True,True,2024-03-15,False,
DOC0003541,SIN001181,Denuncia,True,True,2025-02-19,False,
DOC0003542,SIN001181,Factura,True,True,2025-02-19,False,
DOC0003543,SIN001181,Informe,True,True,2025-02-14,False,
DOC0003544,SIN001182,Denuncia,True,True,2024-09-21,False,
DOC0003545,SIN001182,Factura,True,True,2024-09-21,False,
DOC0003546,SIN001182,Informe,True,True,2024-09-19,False,
DOC0003547,SIN001183,Denuncia,True,True,2024-04-03,False,
DOC0003548,SIN001183,Factura,True,True,2024-04-04,False,
DOC0003549,SIN001183,Informe,True,True,2024-04-04,False,
DOC0003550,SIN001184,Denuncia,True,True,2025-05-04,False,
DOC0003551,SIN001184,Factura,True,True,2025-05-05,False,
DOC0003552,SIN001184,Informe,True,True,2025-05-02,False,
DOC0003553,SIN001185,Denuncia,True,True,2025-09-24,False,
DOC0003554,SIN001185,Factura,True,True,2025-09-27,False,
DOC0003555,SIN001185,Informe,True,True,2025-09-26,False,
DOC0003556,SIN001186,Denuncia,True,True,2024-11-09,False,
DOC0003557,SIN001186,Factura,True,True,2024-11-09,False,
DOC0003558,SIN001186,Informe,True,True,2024-11-12,False,
DOC0003559,SIN001187,Denuncia,True,True,2024-07-13,False,
DOC0003560,SIN001187,Factura,True,True,2024-07-13,False,
DOC0003561,SIN001187,Informe,True,True,2024-07-15,False,
DOC0003562,SIN001188,Denuncia,True,True,2025-03-20,False,
DOC0003563,SIN001188,Factura,True,True,2025-03-15,False,
DOC0003564,SIN001188,Informe,True,True,2025-03-16,False,
DOC0003565,SIN001189,Denuncia,True,True,2025-01-19,False,
DOC0003566,SIN001189,Factura,True,True,2025-01-16,False,
DOC0003567,SIN001189,Informe,True,True,2025-01-18,False,
DOC0003568,SIN001190,Denuncia,True,True,2024-04-17,False,
DOC0003569,SIN001190,Factura,True,True,2024-04-19,False,
DOC0003570,SIN001190,Informe,True,True,2024-04-17,False,
DOC0003571,SIN001191,Denuncia,True,True,2024-11-23,False,
DOC0003572,SIN001191,Factura,True,True,2024-11-28,False,
DOC0003573,SIN001191,Informe,True,True,2024-11-25,False,
DOC0003574,SIN001192,Denuncia,True,True,2025-03-26,False,
DOC0003575,SIN001192,Factura,True,True,2025-03-28,False,
DOC0003576,SIN001192,Informe,True,True,2025-03-29,False,
DOC0003577,SIN001193,Denuncia,True,True,2024-06-19,False,
DOC0003578,SIN001193,Factura,True,True,2024-06-17,False,
DOC0003579,SIN001193,Informe,True,True,2024-06-15,False,
DOC0003580,SIN001194,Denuncia,True,True,2024-11-24,False,
DOC0003581,SIN001194,Factura,True,True,2024-11-23,False,
DOC0003582,SIN001194,Informe,True,True,2024-11-22,False,
DOC0003583,SIN001195,Denuncia,True,True,2025-06-25,False,
DOC0003584,SIN001195,Factura,True,True,2025-06-23,False,
DOC0003585,SIN001195,Informe,True,True,2025-06-27,False,
DOC0003586,SIN001196,Denuncia,True,True,2024-11-25,False,
DOC0003587,SIN001196,Factura,True,True,2024-11-26,False,
DOC0003588,SIN001196,Informe,True,True,2024-11-28,False,
DOC0003589,SIN001197,Denuncia,True,True,2024-12-26,False,
DOC0003590,SIN001197,Factura,True,True,2024-12-29,False,
DOC0003591,SIN001197,Informe,True,True,2024-12-26,False,
DOC0003592,SIN001198,Denuncia,True,True,2025-08-12,False,
DOC0003593,SIN001198,Factura,True,True,2025-08-11,False,
DOC0003594,SIN001198,Informe,True,True,2025-08-13,False,
DOC0003595,SIN001199,Denuncia,True,True,2024-11-06,False,
DOC0003596,SIN001199,Factura,True,True,2024-11-06,False,
DOC0003597,SIN001199,Informe,True,True,2024-11-07,False,
DOC0003598,SIN001200,Denuncia,True,True,2024-08-31,False,
DOC0003599,SIN001200,Factura,True,True,2024-08-29,False,
DOC0003600,SIN001200,Informe,True,True,2024-08-30,False,
DOC0003601,SIN001201,Denuncia,True,True,2025-02-12,False,
DOC0003602,SIN001201,Factura,True,True,2025-02-12,False,
DOC0003603,SIN001201,Informe,True,True,2025-02-14,False,
DOC0003604,SIN001202,Denuncia,True,True,2024-05-11,False,
DOC0003605,SIN001202,Factura,True,True,2024-05-12,False,
DOC0003606,SIN001202,Informe,True,True,2024-05-12,False,
DOC0003607,SIN001203,Denuncia,True,True,2024-06-29,False,
DOC0003608,SIN001203,Factura,True,True,2024-06-25,False,
DOC0003609,SIN001203,Informe,True,True,2024-06-27,False,
DOC0003610,SIN001204,Denuncia,True,True,2024-09-04,False,
DOC0003611,SIN001204,Factura,True,True,2024-09-04,False,
DOC0003612,SIN001204,Informe,True,True,2024-09-03,False,
DOC0003613,SIN001205,Denuncia,True,True,2024-11-22,False,
DOC0003614,SIN001205,Factura,True,True,2024-11-18,False,
DOC0003615,SIN001205,Informe,True,True,2024-11-17,False,
DOC0003616,SIN001206,Denuncia,True,True,2024-08-10,False,
DOC0003617,SIN001206,Factura,True,True,2024-08-15,False,
DOC0003618,SIN001206,Informe,True,True,2024-08-11,False,
DOC0003619,SIN001207,Denuncia,True,True,2025-04-12,False,
DOC0003620,SIN001207,Factura,True,True,2025-04-12,False,
DOC0003621,SIN001207,Informe,True,True,2025-04-12,False,
DOC0003622,SIN001208,Denuncia,True,True,2025-07-19,False,
DOC0003623,SIN001208,Factura,True,True,2025-07-20,False,
DOC0003624,SIN001208,Informe,True,True,2025-07-20,False,
DOC0003625,SIN001209,Denuncia,True,True,2025-04-09,False,
DOC0003626,SIN001209,Factura,True,True,2025-04-09,False,
DOC0003627,SIN001209,Informe,True,True,2025-04-08,False,
DOC0003628,SIN001210,Denuncia,True,True,2024-04-15,False,
DOC0003629,SIN001210,Factura,True,True,2024-04-14,False,
DOC0003630,SIN001210,Informe,True,True,2024-04-17,False,
DOC0003631,SIN001211,Denuncia,True,True,2024-08-19,False,
DOC0003632,SIN001211,Factura,True,True,2024-08-20,False,
DOC0003633,SIN001211,Informe,True,True,2024-08-24,False,
DOC0003634,SIN001212,Denuncia,True,True,2024-06-03,False,
DOC0003635,SIN001212,Factura,True,True,2024-06-05,False,
DOC0003636,SIN001212,Informe,True,True,2024-06-03,False,
DOC0003637,SIN001213,Denuncia,True,True,2024-09-07,False,
DOC0003638,SIN001213,Factura,True,True,2024-09-11,False,
DOC0003639,SIN001213,Informe,True,True,2024-09-11,False,
DOC0003640,SIN001214,Denuncia,True,True,2025-01-08,False,
DOC0003641,SIN001214,Factura,True,True,2025-01-05,False,
DOC0003642,SIN001214,Informe,True,True,2025-01-07,False,
DOC0003643,SIN001215,Denuncia,True,True,2025-01-11,False,
DOC0003644,SIN001215,Factura,True,True,2025-01-09,False,
DOC0003645,SIN001215,Informe,True,True,2025-01-11,False,
DOC0003646,SIN001216,Denuncia,True,True,2025-09-04,False,
DOC0003647,SIN001216,Factura,True,True,2025-09-08,False,
DOC0003648,SIN001216,Informe,True,True,2025-09-06,False,
DOC0003649,SIN001217,Denuncia,True,True,2025-07-27,False,
DOC0003650,SIN001217,Factura,True,True,2025-07-29,False,
DOC0003651,SIN001217,Informe,True,True,2025-08-01,False,
DOC0003652,SIN001218,Denuncia,True,True,2025-09-01,False,
DOC0003653,SIN001218,Factura,True,True,2025-08-31,False,
DOC0003654,SIN001218,Informe,True,True,2025-09-01,False,
DOC0003655,SIN001219,Denuncia,True,True,2025-03-05,False,
DOC0003656,SIN001219,Factura,True,True,2025-03-08,False,
DOC0003657,SIN001219,Informe,True,True,2025-03-10,False,
DOC0003658,SIN001220,Denuncia,True,True,2024-07-25,False,
DOC0003659,SIN001220,Factura,True,True,2024-07-26,False,
DOC0003660,SIN001220,Informe,True,True,2024-07-29,False,
DOC0003661,SIN001221,Denuncia,True,True,2025-03-26,False,
DOC0003662,SIN001221,Factura,True,True,2025-03-28,False,
DOC0003663,SIN001221,Informe,True,True,2025-03-26,False,
DOC0003664,SIN001222,Denuncia,True,True,2024-06-19,False,
DOC0003665,SIN001222,Factura,True,True,2024-06-15,False,
DOC0003666,SIN001222,Informe,True,True,2024-06-17,False,
DOC0003667,SIN001223,Denuncia,True,True,2025-10-11,False,
DOC0003668,SIN001223,Factura,True,True,2025-10-14,False,
DOC0003669,SIN001223,Informe,True,True,2025-10-15,False,
DOC0003670,SIN001224,Denuncia,True,True,2025-01-14,False,
DOC0003671,SIN001224,Factura,True,True,2025-01-14,False,
DOC0003672,SIN001224,Informe,True,True,2025-01-17,False,
DOC0003673,SIN001225,Denuncia,True,True,2024-12-27,False,
DOC0003674,SIN001225,Factura,True,True,2024-12-28,False,
DOC0003675,SIN001225,Informe,True,True,2024-12-26,False,
DOC0003676,SIN001226,Denuncia,True,True,2025-05-21,False,
DOC0003677,SIN001226,Factura,True,True,2025-05-19,False,
DOC0003678,SIN001226,Informe,True,True,2025-05-16,False,
DOC0003679,SIN001227,Denuncia,True,True,2025-10-14,False,
DOC0003680,SIN001227,Factura,True,True,2025-10-12,False,
DOC0003681,SIN001227,Informe,True,True,2025-10-12,False,
DOC0003682,SIN001228,Denuncia,True,True,2025-08-09,False,
DOC0003683,SIN001228,Factura,True,True,2025-08-08,False,
DOC0003684,SIN001228,Informe,True,True,2025-08-08,False,
DOC0003685,SIN001229,Denuncia,True,True,2025-03-10,False,
DOC0003686,SIN001229,Factura,True,True,2025-03-15,False,
DOC0003687,SIN001229,Informe,True,True,2025-03-12,False,
DOC0003688,SIN001230,Denuncia,True,True,2025-07-31,False,
DOC0003689,SIN001230,Factura,True,True,2025-07-28,False,
DOC0003690,SIN001230,Informe,True,True,2025-07-31,False,
DOC0003691,SIN001231,Denuncia,True,True,2025-07-29,False,
DOC0003692,SIN001231,Factura,True,True,2025-07-29,False,
DOC0003693,SIN001231,Informe,True,True,2025-08-02,False,
DOC0003694,SIN001232,Denuncia,True,True,2025-03-12,False,
DOC0003695,SIN001232,Factura,True,True,2025-03-13,False,
DOC0003696,SIN001232,Informe,True,True,2025-03-14,False,
DOC0003697,SIN001233,Denuncia,True,True,2025-08-22,False,
DOC0003698,SIN001233,Factura,True,True,2025-08-18,False,
DOC0003699,SIN001233,Informe,True,True,2025-08-22,False,
DOC0003700,SIN001234,Denuncia,True,True,2024-10-02,False,
DOC0003701,SIN001234,Factura,True,True,2024-09-30,False,
DOC0003702,SIN001234,Informe,True,True,2024-09-28,False,
DOC0003703,SIN001235,Denuncia,True,True,2024-03-08,False,
DOC0003704,SIN001235,Factura,True,True,2024-03-09,False,
DOC0003705,SIN001235,Informe,True,True,2024-03-05,False,
DOC0003706,SIN001236,Denuncia,True,True,2025-03-04,False,
DOC0003707,SIN001236,Factura,True,True,2025-03-03,False,
DOC0003708,SIN001236,Informe,True,True,2025-03-08,False,
DOC0003709,SIN001237,Denuncia,True,True,2025-02-24,False,
DOC0003710,SIN001237,Factura,True,True,2025-02-25,False,
DOC0003711,SIN001237,Informe,True,True,2025-02-28,False,
DOC0003712,SIN001238,Denuncia,True,True,2025-07-09,False,
DOC0003713,SIN001238,Factura,True,True,2025-07-07,False,
DOC0003714,SIN001238,Informe,True,True,2025-07-09,False,
DOC0003715,SIN001239,Denuncia,True,True,2025-05-21,False,
DOC0003716,SIN001239,Factura,True,True,2025-05-21,False,
DOC0003717,SIN001239,Informe,True,True,2025-05-16,False,
DOC0003718,SIN001240,Denuncia,True,True,2024-09-13,False,
DOC0003719,SIN001240,Factura,True,True,2024-09-14,False,
DOC0003720,SIN001240,Informe,True,True,2024-09-13,False,
DOC0003721,SIN001241,Denuncia,True,True,2025-04-17,False,
DOC0003722,SIN001241,Factura,True,True,2025-04-19,False,
DOC0003723,SIN001241,Informe,True,True,2025-04-17,False,
DOC0003724,SIN001242,Denuncia,True,True,2024-11-13,False,
DOC0003725,SIN001242,Factura,True,True,2024-11-18,False,
DOC0003726,SIN001242,Informe,True,True,2024-11-14,False,
DOC0003727,SIN001243,Denuncia,True,True,2024-09-04,False,
DOC0003728,SIN001243,Factura,True,True,2024-09-07,False,
DOC0003729,SIN001243,Informe,True,True,2024-09-08,False,
DOC0003730,SIN001244,Denuncia,True,True,2025-02-16,False,
DOC0003731,SIN001244,Factura,True,True,2025-02-19,False,
DOC0003732,SIN001244,Informe,True,True,2025-02-18,False,
DOC0003733,SIN001245,Denuncia,True,True,2025-01-04,False,
DOC0003734,SIN001245,Factura,True,True,2025-01-07,False,
DOC0003735,SIN001245,Informe,True,True,2025-01-02,False,
DOC0003736,SIN001246,Denuncia,True,True,2025-01-24,False,
DOC0003737,SIN001246,Factura,True,True,2025-01-24,False,
DOC0003738,SIN001246,Informe,True,True,2025-01-20,False,
DOC0003739,SIN001247,Denuncia,True,True,2025-03-30,False,
DOC0003740,SIN001247,Factura,True,True,2025-03-31,False,
DOC0003741,SIN001247,Informe,True,True,2025-03-27,False,
DOC0003742,SIN001248,Denuncia,True,True,2024-09-29,False,
DOC0003743,SIN001248,Factura,True,True,2024-10-02,False,
DOC0003744,SIN001248,Informe,True,True,2024-09-30,False,
DOC0003745,SIN001249,Denuncia,True,True,2024-12-06,False,
DOC0003746,SIN001249,Factura,True,True,2024-12-06,False,
DOC0003747,SIN001249,Informe,True,True,2024-12-05,False,
DOC0003748,SIN001250,Denuncia,True,True,2025-05-12,False,
DOC0003749,SIN001250,Factura,True,True,2025-05-12,False,
DOC0003750,SIN001250,Informe,True,True,2025-05-13,False,
DOC0003751,SIN001251,Denuncia,True,True,2024-06-28,False,
DOC0003752,SIN001251,Factura,True,True,2024-06-27,False,
DOC0003753,SIN001251,Informe,True,True,2024-06-24,False,
DOC0003754,SIN001252,Denuncia,True,True,2024-06-28,False,
DOC0003755,SIN001252,Factura,True,True,2024-06-28,False,
DOC0003756,SIN001252,Informe,True,True,2024-07-01,False,
DOC0003757,SIN001253,Denuncia,True,True,2024-08-26,False,
DOC0003758,SIN001253,Factura,True,True,2024-08-26,False,
DOC0003759,SIN001253,Informe,True,True,2024-08-27,False,
DOC0003760,SIN001254,Denuncia,True,True,2025-03-30,False,
DOC0003761,SIN001254,Factura,True,True,2025-03-28,False,
DOC0003762,SIN001254,Informe,True,True,2025-03-28,False,
DOC0003763,SIN001255,Denuncia,True,True,2025-02-21,False,
DOC0003764,SIN001255,Factura,True,True,2025-02-16,False,
DOC0003765,SIN001255,Informe,True,True,2025-02-17,False,
DOC0003766,SIN001256,Denuncia,True,True,2024-11-21,False,
DOC0003767,SIN001256,Factura,True,True,2024-11-20,False,
DOC0003768,SIN001256,Informe,True,True,2024-11-20,False,
DOC0003769,SIN001257,Denuncia,True,True,2024-11-10,False,
DOC0003770,SIN001257,Factura,True,True,2024-11-12,False,
DOC0003771,SIN001257,Informe,True,True,2024-11-10,False,
DOC0003772,SIN001258,Denuncia,True,True,2024-07-17,False,
DOC0003773,SIN001258,Factura,True,True,2024-07-20,False,
DOC0003774,SIN001258,Informe,True,True,2024-07-21,False,
DOC0003775,SIN001259,Denuncia,True,True,2025-01-26,False,
DOC0003776,SIN001259,Factura,True,True,2025-01-27,False,
DOC0003777,SIN001259,Informe,True,True,2025-01-24,False,
DOC0003778,SIN001260,Denuncia,True,True,2024-11-14,False,
DOC0003779,SIN001260,Factura,True,True,2024-11-15,False,
DOC0003780,SIN001260,Informe,True,True,2024-11-14,False,
DOC0003781,SIN001261,Denuncia,True,True,2025-02-15,False,
DOC0003782,SIN001261,Factura,True,True,2025-02-15,False,
DOC0003783,SIN001261,Informe,True,True,2025-02-16,False,
DOC0003784,SIN001262,Denuncia,True,True,2025-01-07,False,
DOC0003785,SIN001262,Factura,True,True,2025-01-07,False,
DOC0003786,SIN001262,Informe,True,True,2025-01-09,False,
DOC0003787,SIN001263,Denuncia,True,True,2024-06-09,False,
DOC0003788,SIN001263,Factura,True,True,2024-06-14,False,
DOC0003789,SIN001263,Informe,True,True,2024-06-13,False,
DOC0003790,SIN001264,Denuncia,True,True,2024-09-06,False,
DOC0003791,SIN001264,Factura,True,True,2024-09-03,False,
DOC0003792,SIN001264,Informe,True,True,2024-09-02,False,
DOC0003793,SIN001265,Denuncia,True,True,2024-09-10,False,
DOC0003794,SIN001265,Factura,True,True,2024-09-13,False,
DOC0003795,SIN001265,Informe,True,True,2024-09-12,False,
DOC0003796,SIN001266,Denuncia,True,True,2024-10-05,False,
DOC0003797,SIN001266,Factura,True,True,2024-10-04,False,
DOC0003798,SIN001266,Informe,True,True,2024-10-02,False,
DOC0003799,SIN001267,Denuncia,True,True,2024-12-10,False,
DOC0003800,SIN001267,Factura,True,True,2024-12-10,False,
DOC0003801,SIN001267,Informe,True,True,2024-12-13,False,
DOC0003802,SIN001268,Denuncia,True,True,2024-05-04,False,
DOC0003803,SIN001268,Factura,True,True,2024-05-06,False,
DOC0003804,SIN001268,Informe,True,True,2024-05-05,False,
DOC0003805,SIN001269,Denuncia,True,True,2024-07-13,False,
DOC0003806,SIN001269,Factura,True,True,2024-07-14,False,
DOC0003807,SIN001269,Informe,True,True,2024-07-13,False,
DOC0003808,SIN001270,Denuncia,True,True,2024-07-26,False,
DOC0003809,SIN001270,Factura,True,True,2024-07-25,False,
DOC0003810,SIN001270,Informe,True,True,2024-07-28,False,
DOC0003811,SIN001271,Denuncia,True,True,2024-12-30,False,
DOC0003812,SIN001271,Factura,True,True,2024-12-29,False,
DOC0003813,SIN001271,Informe,True,True,2025-01-01,False,
DOC0003814,SIN001272,Denuncia,True,True,2025-04-29,False,
DOC0003815,SIN001272,Factura,True,True,2025-04-25,False,
DOC0003816,SIN001272,Informe,True,True,2025-04-27,False,
DOC0003817,SIN001273,Denuncia,True,True,2024-11-10,False,
DOC0003818,SIN001273,Factura,True,True,2024-11-10,False,
DOC0003819,SIN001273,Informe,True,True,2024-11-09,False,
DOC0003820,SIN001274,Denuncia,True,True,2025-01-08,False,
DOC0003821,SIN001274,Factura,True,True,2025-01-05,False,
DOC0003822,SIN001274,Informe,True,True,2025-01-07,False,
DOC0003823,SIN001275,Denuncia,True,True,2025-10-22,False,
DOC0003824,SIN001275,Factura,True,True,2025-10-23,False,
DOC0003825,SIN001275,Informe,True,True,2025-10-18,False,
DOC0003826,SIN001276,Denuncia,True,True,2025-03-03,False,
DOC0003827,SIN001276,Factura,True,True,2025-03-03,False,
DOC0003828,SIN001276,Informe,True,True,2025-03-04,False,
DOC0003829,SIN001277,Denuncia,True,True,2025-03-04,False,
DOC0003830,SIN001277,Factura,True,True,2025-03-02,False,
DOC0003831,SIN001277,Informe,True,True,2025-03-01,False,
DOC0003832,SIN001278,Denuncia,True,True,2025-04-17,False,
DOC0003833,SIN001278,Factura,True,True,2025-04-20,False,
DOC0003834,SIN001278,Informe,True,True,2025-04-20,False,
DOC0003835,SIN001279,Denuncia,True,True,2025-02-06,False,
DOC0003836,SIN001279,Factura,True,True,2025-02-06,False,
DOC0003837,SIN001279,Informe,True,True,2025-02-07,False,
DOC0003838,SIN001280,Denuncia,True,True,2025-07-23,False,
DOC0003839,SIN001280,Factura,True,True,2025-07-23,False,
DOC0003840,SIN001280,Informe,True,True,2025-07-27,False,
DOC0003841,SIN001281,Denuncia,True,True,2025-09-05,False,
DOC0003842,SIN001281,Factura,True,True,2025-09-04,False,
DOC0003843,SIN001281,Informe,True,True,2025-09-08,False,
DOC0003844,SIN001282,Denuncia,True,True,2024-11-14,False,
DOC0003845,SIN001282,Factura,True,True,2024-11-17,False,
DOC0003846,SIN001282,Informe,True,True,2024-11-13,False,
DOC0003847,SIN001283,Denuncia,True,True,2025-07-10,False,
DOC0003848,SIN001283,Factura,True,True,2025-07-08,False,
DOC0003849,SIN001283,Informe,True,True,2025-07-12,False,
DOC0003850,SIN001284,Denuncia,True,True,2025-04-05,False,
DOC0003851,SIN001284,Factura,True,True,2025-04-04,False,
DOC0003852,SIN001284,Informe,True,True,2025-03-31,False,
DOC0003853,SIN001285,Denuncia,True,True,2025-10-27,False,
DOC0003854,SIN001285,Factura,True,True,2025-11-01,False,
DOC0003855,SIN001285,Informe,True,True,2025-11-01,False,
DOC0003856,SIN001286,Denuncia,True,True,2024-08-23,False,
DOC0003857,SIN001286,Factura,True,True,2024-08-24,False,
DOC0003858,SIN001286,Informe,True,True,2024-08-23,False,
DOC0003859,SIN001287,Denuncia,True,True,2024-07-26,False,
DOC0003860,SIN001287,Factura,True,True,2024-07-26,False,
DOC0003861,SIN001287,Informe,True,True,2024-07-25,False,
DOC0003862,SIN001288,Denuncia,True,True,2025-02-13,False,
DOC0003863,SIN001288,Factura,True,True,2025-02-10,False,
DOC0003864,SIN001288,Informe,True,True,2025-02-08,False,
DOC0003865,SIN001289,Denuncia,True,True,2024-07-12,False,
DOC0003866,SIN001289,Factura,True,True,2024-07-11,False,
DOC0003867,SIN001289,Informe,True,True,2024-07-13,False,
DOC0003868,SIN001290,Denuncia,True,True,2024-10-08,False,
DOC0003869,SIN001290,Factura,True,True,2024-10-06,False,
DOC0003870,SIN001290,Informe,True,True,2024-10-08,False,
DOC0003871,SIN001291,Denuncia,True,True,2024-09-10,False,
DOC0003872,SIN001291,Factura,True,True,2024-09-09,False,
DOC0003873,SIN001291,Informe,True,True,2024-09-09,False,
DOC0003874,SIN001292,Denuncia,True,True,2024-08-17,False,
DOC0003875,SIN001292,Factura,True,True,2024-08-14,False,
DOC0003876,SIN001292,Informe,True,True,2024-08-18,False,
DOC0003877,SIN001293,Denuncia,True,True,2025-01-15,False,
DOC0003878,SIN001293,Factura,True,True,2025-01-18,False,
DOC0003879,SIN001293,Informe,True,True,2025-01-18,False,
DOC0003880,SIN001294,Denuncia,True,True,2025-02-05,False,
DOC0003881,SIN001294,Factura,True,True,2025-01-31,False,
DOC0003882,SIN001294,Informe,True,True,2025-02-01,False,
DOC0003883,SIN001295,Denuncia,True,True,2025-01-16,False,
DOC0003884,SIN001295,Factura,True,True,2025-01-15,False,
DOC0003885,SIN001295,Informe,True,True,2025-01-13,False,
DOC0003886,SIN001296,Denuncia,True,True,2025-08-10,False,
DOC0003887,SIN001296,Factura,True,True,2025-08-07,False,
DOC0003888,SIN001296,Informe,True,True,2025-08-05,False,
DOC0003889,SIN001297,Denuncia,True,True,2025-01-22,False,
DOC0003890,SIN001297,Factura,True,True,2025-01-19,False,
DOC0003891,SIN001297,Informe,True,True,2025-01-24,False,
DOC0003892,SIN001298,Denuncia,True,True,2024-12-29,False,
DOC0003893,SIN001298,Factura,True,False,2024-12-20,True,Fecha previa al evento
DOC0003894,SIN001298,Informe,False,True,2024-12-27,False,
DOC0003895,SIN001299,Denuncia,True,True,2024-06-03,False,
DOC0003896,SIN001299,Factura,True,False,2024-05-24,True,Fecha previa al evento
DOC0003897,SIN001299,Informe,False,True,2024-05-30,False,
DOC0003898,SIN001300,Denuncia,True,True,2025-08-22,False,
DOC0003899,SIN001300,Factura,True,False,2025-08-12,True,Fecha previa al evento
DOC0003900,SIN001300,Informe,False,True,2025-08-20,False,
DOC0003901,SIN001301,Denuncia,True,True,2024-12-15,False,
DOC0003902,SIN001301,Factura,True,False,2024-12-04,True,Fecha previa al evento
DOC0003903,SIN001301,Informe,False,True,2024-12-15,False,
DOC0003904,SIN001302,Denuncia,True,True,2024-12-20,False,
DOC0003905,SIN001302,Factura,True,False,2024-12-10,True,Fecha previa al evento
DOC0003906,SIN001302,Informe,False,True,2024-12-18,False,
DOC0003907,SIN001303,Denuncia,True,True,2025-07-24,False,
DOC0003908,SIN001303,Factura,True,False,2025-07-12,True,Fecha previa al evento
DOC0003909,SIN001303,Informe,False,True,2025-07-22,False,
DOC0003910,SIN001304,Denuncia,True,True,2025-01-13,False,
DOC0003911,SIN001304,Factura,True,False,2025-01-09,True,Fecha previa al evento
DOC0003912,SIN001304,Informe,False,True,2025-01-13,False,
DOC0003913,SIN001305,Denuncia,True,True,2025-08-03,False,
DOC0003914,SIN001305,Factura,True,False,2025-07-28,True,Fecha previa al evento
DOC0003915,SIN001305,Informe,False,True,2025-07-31,False,
DOC0003916,SIN001306,Denuncia,True,True,2024-12-26,False,
DOC0003917,SIN001306,Factura,True,False,2024-12-21,True,Fecha previa al evento
DOC0003918,SIN001306,Informe,False,True,2024-12-28,False,
DOC0003919,SIN001307,Denuncia,True,True,2025-05-10,False,
DOC0003920,SIN001307,Factura,True,False,2025-05-03,True,Fecha previa al evento
DOC0003921,SIN001307,Informe,False,True,2025-05-13,False,
DOC0003922,SIN001308,Denuncia,True,True,2024-08-13,False,
DOC0003923,SIN001308,Factura,True,False,2024-08-04,True,Fecha previa al evento
DOC0003924,SIN001308,Informe,False,True,2024-08-08,False,
DOC0003925,SIN001309,Denuncia,True,True,2025-07-03,False,
DOC0003926,SIN001309,Factura,True,False,2025-06-30,True,Fecha previa al evento
DOC0003927,SIN001309,Informe,False,True,2025-07-06,False,
DOC0003928,SIN001310,Denuncia,True,True,2024-09-14,False,
DOC0003929,SIN001310,Factura,True,False,2024-09-08,True,Fecha previa al evento
DOC0003930,SIN001310,Informe,False,True,2024-09-12,False,
DOC0003931,SIN001311,Denuncia,True,True,2024-08-05,False,
DOC0003932,SIN001311,Factura,True,False,2024-07-25,True,Fecha previa al evento
DOC0003933,SIN001311,Informe,False,True,2024-08-07,False,
DOC0003934,SIN001312,Denuncia,True,True,2025-02-27,False,
DOC0003935,SIN001312,Factura,True,False,2025-02-19,True,Fecha previa al evento
DOC0003936,SIN001312,Informe,False,True,2025-02-27,False,
DOC0003937,SIN001313,Denuncia,True,True,2025-06-08,False,
DOC0003938,SIN001313,Factura,True,False,2025-06-01,True,Fecha previa al evento
DOC0003939,SIN001313,Informe,False,True,2025-06-10,False,
DOC0003940,SIN001314,Denuncia,True,True,2024-04-17,False,
DOC0003941,SIN001314,Factura,True,False,2024-04-12,True,Fecha previa al evento
DOC0003942,SIN001314,Informe,False,True,2024-04-20,False,
DOC0003943,SIN001315,Denuncia,True,True,2024-11-30,False,
DOC0003944,SIN001315,Factura,True,False,2024-11-23,True,Fecha previa al evento
DOC0003945,SIN001315,Informe,False,True,2024-12-01,False,
DOC0003946,SIN001316,Denuncia,True,True,2025-10-12,False,
DOC0003947,SIN001316,Factura,True,False,2025-10-04,True,Fecha previa al evento
DOC0003948,SIN001316,Informe,False,True,2025-10-15,False,
DOC0003949,SIN001317,Denuncia,True,True,2025-05-18,False,
DOC0003950,SIN001317,Factura,True,False,2025-05-13,True,Fecha previa al evento
DOC0003951,SIN001317,Informe,False,True,2025-05-20,False,
DOC0003952,SIN001318,Denuncia,True,True,2024-11-24,False,
DOC0003953,SIN001318,Factura,True,False,2024-11-18,True,Fecha previa al evento
DOC0003954,SIN001318,Informe,False,True,2024-11-20,False,
DOC0003955,SIN001319,Denuncia,True,True,2025-01-26,False,
DOC0003956,SIN001319,Factura,True,False,2025-01-19,True,Fecha previa al evento
DOC0003957,SIN001319,Informe,False,True,2025-01-25,False,
DOC0003958,SIN001320,Denuncia,True,True,2024-11-30,False,
DOC0003959,SIN001320,Factura,True,False,2024-11-20,True,Fecha previa al evento
DOC0003960,SIN001320,Informe,False,True,2024-11-28,False,
DOC0003961,SIN001321,Denuncia,True,True,2024-08-26,False,
DOC0003962,SIN001321,Factura,True,False,2024-08-18,True,Fecha previa al evento
DOC0003963,SIN001321,Informe,False,True,2024-08-25,False,
DOC0003964,SIN001322,Denuncia,True,True,2025-03-09,False,
DOC0003965,SIN001322,Factura,True,False,2025-03-01,True,Fecha previa al evento
DOC0003966,SIN001322,Informe,False,True,2025-03-10,False,
DOC0003967,SIN001323,Denuncia,True,True,2024-09-28,False,
DOC0003968,SIN001323,Factura,True,False,2024-09-20,True,Fecha previa al evento
DOC0003969,SIN001323,Informe,False,True,2024-10-01,False,
DOC0003970,SIN001324,Denuncia,True,True,2025-06-30,False,
DOC0003971,SIN001324,Factura,True,False,2025-06-22,True,Fecha previa al evento
DOC0003972,SIN001324,Informe,False,True,2025-06-30,False,
DOC0003973,SIN001325,Denuncia,True,True,2025-08-03,False,
DOC0003974,SIN001325,Factura,True,False,2025-07-31,True,Fecha previa al evento
DOC0003975,SIN001325,Informe,False,True,2025-08-07,False,
DOC0003976,SIN001326,Denuncia,True,True,2024-03-26,False,
DOC0003977,SIN001326,Factura,True,False,2024-03-19,True,Fecha previa al evento
DOC0003978,SIN001326,Informe,False,True,2024-03-23,False,
DOC0003979,SIN001327,Denuncia,True,True,2025-05-01,False,
DOC0003980,SIN001327,Factura,True,False,2025-04-19,True,Fecha previa al evento
DOC0003981,SIN001327,Informe,False,True,2025-05-02,False,
DOC0003982,SIN001328,Denuncia,True,True,2024-09-23,False,
DOC0003983,SIN001328,Factura,True,True,2024-09-26,False,
DOC0003984,SIN001328,Informe,True,True,2024-09-21,False,
DOC0003985,SIN001329,Denuncia,True,True,2025-07-02,False,
DOC0003986,SIN001329,Factura,True,True,2025-07-06,False,
DOC0003987,SIN001329,Informe,True,True,2025-07-04,False,
DOC0003988,SIN001330,Denuncia,True,True,2025-04-25,False,
DOC0003989,SIN001330,Factura,True,True,2025-04-21,False,
DOC0003990,SIN001330,Informe,True,True,2025-04-21,False,
DOC0003991,SIN001331,Denuncia,True,True,2024-11-30,False,
DOC0003992,SIN001331,Factura,True,True,2024-11-30,False,
DOC0003993,SIN001331,Informe,True,True,2024-12-02,False,
DOC0003994,SIN001332,Denuncia,True,True,2024-12-27,False,
DOC0003995,SIN001332,Factura,True,True,2024-12-24,False,
DOC0003996,SIN001332,Informe,True,True,2024-12-25,False,
DOC0003997,SIN001333,Denuncia,True,True,2024-09-08,False,
DOC0003998,SIN001333,Factura,True,True,2024-09-12,False,
DOC0003999,SIN001333,Informe,True,True,2024-09-09,False,
DOC0004000,SIN001334,Denuncia,True,True,2024-11-17,False,
DOC0004001,SIN001334,Factura,True,True,2024-11-18,False,
DOC0004002,SIN001334,Informe,True,True,2024-11-21,False,
DOC0004003,SIN001335,Denuncia,True,True,2025-04-07,False,
DOC0004004,SIN001335,Factura,True,True,2025-04-06,False,
DOC0004005,SIN001335,Informe,True,True,2025-04-07,False,
DOC0004006,SIN001336,Denuncia,True,True,2024-11-30,False,
DOC0004007,SIN001336,Factura,True,True,2024-12-03,False,
DOC0004008,SIN001336,Informe,True,True,2024-12-03,False,
DOC0004009,SIN001337,Denuncia,True,True,2025-02-19,False,
DOC0004010,SIN001337,Factura,True,True,2025-02-19,False,
DOC0004011,SIN001337,Informe,True,True,2025-02-21,False,
DOC0004012,SIN001338,Denuncia,True,True,2025-10-13,False,
DOC0004013,SIN001338,Factura,True,True,2025-10-17,False,
DOC0004014,SIN001338,Informe,True,True,2025-10-13,False,
DOC0004015,SIN001339,Denuncia,True,True,2025-01-18,False,
DOC0004016,SIN001339,Factura,True,True,2025-01-22,False,
DOC0004017,SIN001339,Informe,True,True,2025-01-18,False,
DOC0004018,SIN001340,Denuncia,True,True,2024-07-15,False,
DOC0004019,SIN001340,Factura,True,True,2024-07-16,False,
DOC0004020,SIN001340,Informe,True,True,2024-07-14,False,
DOC0004021,SIN001341,Denuncia,True,True,2025-02-24,False,
DOC0004022,SIN001341,Factura,True,True,2025-02-27,False,
DOC0004023,SIN001341,Informe,True,True,2025-02-27,False,
DOC0004024,SIN001342,Denuncia,True,True,2024-04-20,False,
DOC0004025,SIN001342,Factura,True,True,2024-04-20,False,
DOC0004026,SIN001342,Informe,True,True,2024-04-17,False,
DOC0004027,SIN001343,Denuncia,True,True,2024-08-30,False,
DOC0004028,SIN001343,Factura,True,True,2024-09-01,False,
DOC0004029,SIN001343,Informe,True,True,2024-08-29,False,
DOC0004030,SIN001344,Denuncia,True,True,2025-09-07,False,
DOC0004031,SIN001344,Factura,True,True,2025-09-08,False,
DOC0004032,SIN001344,Informe,True,True,2025-09-08,False,
DOC0004033,SIN001345,Denuncia,True,True,2024-12-25,False,
DOC0004034,SIN001345,Factura,True,True,2024-12-27,False,
DOC0004035,SIN001345,Informe,True,True,2024-12-28,False,
DOC0004036,SIN001346,Denuncia,True,True,2025-07-24,False,
DOC0004037,SIN001346,Factura,True,True,2025-07-23,False,
DOC0004038,SIN001346,Informe,True,True,2025-07-23,False,
DOC0004039,SIN001347,Denuncia,True,True,2025-07-22,False,
DOC0004040,SIN001347,Factura,True,True,2025-07-23,False,
DOC0004041,SIN001347,Informe,True,True,2025-07-24,False,
DOC0004042,SIN001348,Denuncia,True,True,2024-11-26,False,
DOC0004043,SIN001348,Factura,True,True,2024-11-24,False,
DOC0004044,SIN001348,Informe,True,True,2024-11-21,False,
DOC0004045,SIN001349,Denuncia,True,True,2024-11-10,False,
DOC0004046,SIN001349,Factura,True,True,2024-11-06,False,
DOC0004047,SIN001349,Informe,True,True,2024-11-10,False,
DOC0004048,SIN001350,Denuncia,True,True,2024-08-30,False,
DOC0004049,SIN001350,Factura,True,True,2024-09-02,False,
DOC0004050,SIN001350,Informe,True,True,2024-08-30,False,
DOC0004051,SIN001351,Denuncia,True,True,2025-06-08,False,
DOC0004052,SIN001351,Factura,True,True,2025-06-09,False,
DOC0004053,SIN001351,Informe,True,True,2025-06-11,False,
DOC0004054,SIN001352,Denuncia,True,True,2025-04-07,False,
DOC0004055,SIN001352,Factura,True,True,2025-04-09,False,
DOC0004056,SIN001352,Informe,True,True,2025-04-04,False,
DOC0004057,SIN001353,Denuncia,True,True,2025-05-30,False,
DOC0004058,SIN001353,Factura,True,True,2025-05-28,False,
DOC0004059,SIN001353,Informe,True,True,2025-05-28,False,
DOC0004060,SIN001354,Denuncia,True,True,2024-12-19,False,
DOC0004061,SIN001354,Factura,True,True,2024-12-19,False,
DOC0004062,SIN001354,Informe,True,True,2024-12-19,False,
DOC0004063,SIN001355,Denuncia,True,True,2024-12-04,False,
DOC0004064,SIN001355,Factura,True,True,2024-12-05,False,
DOC0004065,SIN001355,Informe,True,True,2024-12-03,False,
DOC0004066,SIN001356,Denuncia,True,True,2024-12-14,False,
DOC0004067,SIN001356,Factura,True,True,2024-12-19,False,
DOC0004068,SIN001356,Informe,True,True,2024-12-18,False,
DOC0004069,SIN001357,Denuncia,True,True,2024-04-20,False,
DOC0004070,SIN001357,Factura,True,True,2024-04-21,False,
DOC0004071,SIN001357,Informe,True,True,2024-04-24,False,
DOC0004072,SIN001358,Denuncia,True,True,2025-05-12,False,
DOC0004073,SIN001358,Factura,True,True,2025-05-11,False,
DOC0004074,SIN001358,Informe,True,True,2025-05-12,False,
DOC0004075,SIN001359,Denuncia,True,True,2025-05-01,False,
DOC0004076,SIN001359,Factura,True,True,2025-05-06,False,
DOC0004077,SIN001359,Informe,True,True,2025-05-01,False,
DOC0004078,SIN001360,Denuncia,True,True,2024-05-20,False,
DOC0004079,SIN001360,Factura,True,True,2024-05-17,False,
DOC0004080,SIN001360,Informe,True,True,2024-05-19,False,
DOC0004081,SIN001361,Denuncia,True,True,2024-12-18,False,
DOC0004082,SIN001361,Factura,True,True,2024-12-19,False,
DOC0004083,SIN001361,Informe,True,True,2024-12-22,False,
DOC0004084,SIN001362,Denuncia,True,True,2024-07-06,False,
DOC0004085,SIN001362,Factura,True,True,2024-07-11,False,
DOC0004086,SIN001362,Informe,True,True,2024-07-08,False,
DOC0004087,SIN001363,Denuncia,True,True,2024-09-14,False,
DOC0004088,SIN001363,Factura,True,True,2024-09-10,False,
DOC0004089,SIN001363,Informe,True,True,2024-09-09,False,
DOC0004090,SIN001364,Denuncia,True,True,2025-01-12,False,
DOC0004091,SIN001364,Factura,True,True,2025-01-12,False,
DOC0004092,SIN001364,Informe,True,True,2025-01-12,False,
DOC0004093,SIN001365,Denuncia,True,True,2024-10-26,False,
DOC0004094,SIN001365,Factura,True,True,2024-10-27,False,
DOC0004095,SIN001365,Informe,True,True,2024-10-26,False,
DOC0004096,SIN001366,Denuncia,True,True,2025-09-29,False,
DOC0004097,SIN001366,Factura,True,True,2025-09-30,False,
DOC0004098,SIN001366,Informe,True,True,2025-09-29,False,
DOC0004099,SIN001367,Denuncia,True,True,2025-02-04,False,
DOC0004100,SIN001367,Factura,True,True,2025-02-03,False,
DOC0004101,SIN001367,Informe,True,True,2025-02-04,False,
DOC0004102,SIN001368,Denuncia,True,True,2025-08-27,False,
DOC0004103,SIN001368,Factura,True,True,2025-08-26,False,
DOC0004104,SIN001368,Informe,True,True,2025-08-24,False,
DOC0004105,SIN001369,Denuncia,True,True,2025-03-09,False,
DOC0004106,SIN001369,Factura,True,True,2025-03-11,False,
DOC0004107,SIN001369,Informe,True,True,2025-03-07,False,
DOC0004108,SIN001370,Denuncia,True,True,2025-05-29,False,
DOC0004109,SIN001370,Factura,True,True,2025-05-29,False,
DOC0004110,SIN001370,Informe,True,True,2025-06-02,False,
DOC0004111,SIN001371,Denuncia,True,True,2025-02-09,False,
DOC0004112,SIN001371,Factura,True,True,2025-02-09,False,
DOC0004113,SIN001371,Informe,True,True,2025-02-10,False,
DOC0004114,SIN001372,Denuncia,True,True,2025-04-27,False,
DOC0004115,SIN001372,Factura,True,True,2025-04-27,False,
DOC0004116,SIN001372,Informe,True,True,2025-04-26,False,
DOC0004117,SIN001373,Denuncia,True,True,2024-05-09,False,
DOC0004118,SIN001373,Factura,True,True,2024-05-09,False,
DOC0004119,SIN001373,Informe,True,True,2024-05-10,False,
DOC0004120,SIN001374,Denuncia,True,True,2025-02-05,False,
DOC0004121,SIN001374,Factura,True,True,2025-02-03,False,
DOC0004122,SIN001374,Informe,True,True,2025-02-03,False,
DOC0004123,SIN001375,Denuncia,True,True,2024-12-26,False,
DOC0004124,SIN001375,Factura,True,True,2024-12-24,False,
DOC0004125,SIN001375,Informe,True,True,2024-12-28,False,
DOC0004126,SIN001376,Denuncia,True,True,2024-07-06,False,
DOC0004127,SIN001376,Factura,True,True,2024-07-04,False,
DOC0004128,SIN001376,Informe,True,True,2024-07-09,False,
DOC0004129,SIN001377,Denuncia,True,True,2024-12-07,False,
DOC0004130,SIN001377,Factura,True,True,2024-12-08,False,
DOC0004131,SIN001377,Informe,True,True,2024-12-12,False,
DOC0004132,SIN001378,Denuncia,True,True,2024-09-29,False,
DOC0004133,SIN001378,Factura,True,True,2024-09-30,False,
DOC0004134,SIN001378,Informe,True,True,2024-09-29,False,
DOC0004135,SIN001379,Denuncia,True,True,2025-05-28,False,
DOC0004136,SIN001379,Factura,True,True,2025-05-28,False,
DOC0004137,SIN001379,Informe,True,True,2025-05-28,False,
DOC0004138,SIN001380,Denuncia,True,True,2025-06-19,False,
DOC0004139,SIN001380,Factura,True,True,2025-06-22,False,
DOC0004140,SIN001380,Informe,True,True,2025-06-19,False,
DOC0004141,SIN001381,Denuncia,True,True,2025-02-14,False,
DOC0004142,SIN001381,Factura,True,True,2025-02-16,False,
DOC0004143,SIN001381,Informe,True,True,2025-02-11,False,
DOC0004144,SIN001382,Denuncia,True,True,2025-01-21,False,
DOC0004145,SIN001382,Factura,True,True,2025-01-23,False,
DOC0004146,SIN001382,Informe,True,True,2025-01-23,False,
DOC0004147,SIN001383,Denuncia,True,True,2025-02-14,False,
DOC0004148,SIN001383,Factura,True,True,2025-02-15,False,
DOC0004149,SIN001383,Informe,True,True,2025-02-16,False,
DOC0004150,SIN001384,Denuncia,True,True,2024-09-13,False,
DOC0004151,SIN001384,Factura,True,True,2024-09-14,False,
DOC0004152,SIN001384,Informe,True,True,2024-09-13,False,
DOC0004153,SIN001385,Denuncia,True,True,2024-05-31,False,
DOC0004154,SIN001385,Factura,True,True,2024-05-30,False,
DOC0004155,SIN001385,Informe,True,True,2024-05-31,False,
DOC0004156,SIN001386,Denuncia,True,True,2024-09-20,False,
DOC0004157,SIN001386,Factura,True,True,2024-09-24,False,
DOC0004158,SIN001386,Informe,True,True,2024-09-19,False,
DOC0004159,SIN001387,Denuncia,True,True,2024-08-08,False,
DOC0004160,SIN001387,Factura,True,True,2024-08-08,False,
DOC0004161,SIN001387,Informe,True,True,2024-08-07,False,
DOC0004162,SIN001388,Denuncia,True,True,2025-04-13,False,
DOC0004163,SIN001388,Factura,True,True,2025-04-16,False,
DOC0004164,SIN001388,Informe,True,True,2025-04-14,False,
DOC0004165,SIN001389,Denuncia,True,True,2024-10-14,False,
DOC0004166,SIN001389,Factura,True,True,2024-10-10,False,
DOC0004167,SIN001389,Informe,True,True,2024-10-14,False,
DOC0004168,SIN001390,Denuncia,True,True,2024-04-22,False,
DOC0004169,SIN001390,Factura,True,True,2024-04-26,False,
DOC0004170,SIN001390,Informe,True,True,2024-04-25,False,
DOC0004171,SIN001391,Denuncia,True,True,2024-09-08,False,
DOC0004172,SIN001391,Factura,True,True,2024-09-07,False,
DOC0004173,SIN001391,Informe,True,True,2024-09-08,False,
DOC0004174,SIN001392,Denuncia,True,True,2024-05-16,False,
DOC0004175,SIN001392,Factura,True,True,2024-05-16,False,
DOC0004176,SIN001392,Informe,True,True,2024-05-17,False,
DOC0004177,SIN001393,Denuncia,True,True,2024-11-06,False,
DOC0004178,SIN001393,Factura,True,True,2024-11-06,False,
DOC0004179,SIN001393,Informe,True,True,2024-11-04,False,
DOC0004180,SIN001394,Denuncia,True,True,2024-05-26,False,
DOC0004181,SIN001394,Factura,True,True,2024-05-26,False,
DOC0004182,SIN001394,Informe,True,True,2024-05-27,False,
DOC0004183,SIN001395,Denuncia,True,True,2025-09-21,False,
DOC0004184,SIN001395,Factura,True,True,2025-09-22,False,
DOC0004185,SIN001395,Informe,True,True,2025-09-23,False,
DOC0004186,SIN001396,Denuncia,True,True,2025-05-30,False,
DOC0004187,SIN001396,Factura,True,True,2025-05-28,False,
DOC0004188,SIN001396,Informe,True,True,2025-05-27,False,
DOC0004189,SIN001397,Denuncia,True,True,2024-11-10,False,
DOC0004190,SIN001397,Factura,True,True,2024-11-13,False,
DOC0004191,SIN001397,Informe,True,True,2024-11-12,False,
DOC0004192,SIN001398,Denuncia,True,True,2024-12-24,False,
DOC0004193,SIN001398,Factura,True,True,2024-12-28,False,
DOC0004194,SIN001398,Informe,True,True,2024-12-26,False,
DOC0004195,SIN001399,Denuncia,True,True,2024-11-25,False,
DOC0004196,SIN001399,Factura,True,True,2024-11-24,False,
DOC0004197,SIN001399,Informe,True,True,2024-11-29,False,
DOC0004198,SIN001400,Denuncia,True,True,2025-01-28,False,
DOC0004199,SIN001400,Factura,True,True,2025-01-24,False,
DOC0004200,SIN001400,Informe,True,True,2025-01-27,False,
DOC0004201,SIN001401,Denuncia,True,True,2024-10-08,False,
DOC0004202,SIN001401,Factura,True,True,2024-10-13,False,
DOC0004203,SIN001401,Informe,True,True,2024-10-10,False,
DOC0004204,SIN001402,Denuncia,True,True,2024-11-01,False,
DOC0004205,SIN001402,Factura,True,True,2024-11-02,False,
DOC0004206,SIN001402,Informe,True,True,2024-10-30,False,
DOC0004207,SIN001403,Denuncia,True,True,2024-03-24,False,
DOC0004208,SIN001403,Factura,True,True,2024-03-27,False,
DOC0004209,SIN001403,Informe,True,True,2024-03-29,False,
DOC0004210,SIN001404,Denuncia,True,True,2024-12-21,False,
DOC0004211,SIN001404,Factura,True,True,2024-12-17,False,
DOC0004212,SIN001404,Informe,True,True,2024-12-17,False,
DOC0004213,SIN001405,Denuncia,True,True,2025-04-12,False,
DOC0004214,SIN001405,Factura,True,True,2025-04-16,False,
DOC0004215,SIN001405,Informe,True,True,2025-04-12,False,
DOC0004216,SIN001406,Denuncia,True,True,2025-02-18,False,
DOC0004217,SIN001406,Factura,True,True,2025-02-21,False,
DOC0004218,SIN001406,Informe,True,True,2025-02-18,False,
DOC0004219,SIN001407,Denuncia,True,True,2024-06-02,False,
DOC0004220,SIN001407,Factura,True,True,2024-05-31,False,
DOC0004221,SIN001407,Informe,True,True,2024-05-31,False,
DOC0004222,SIN001408,Denuncia,True,True,2025-02-22,False,
DOC0004223,SIN001408,Factura,True,True,2025-02-21,False,
DOC0004224,SIN001408,Informe,True,True,2025-02-19,False,
DOC0004225,SIN001409,Denuncia,True,True,2025-01-23,False,
DOC0004226,SIN001409,Factura,True,True,2025-01-21,False,
DOC0004227,SIN001409,Informe,True,True,2025-01-20,False,
DOC0004228,SIN001410,Denuncia,True,True,2025-03-03,False,
DOC0004229,SIN001410,Factura,True,True,2025-03-02,False,
DOC0004230,SIN001410,Informe,True,True,2025-02-28,False,
DOC0004231,SIN001411,Denuncia,True,True,2024-10-25,False,
DOC0004232,SIN001411,Factura,True,True,2024-10-25,False,
DOC0004233,SIN001411,Informe,True,True,2024-10-22,False,
DOC0004234,SIN001412,Denuncia,True,True,2024-07-15,False,
DOC0004235,SIN001412,Factura,True,True,2024-07-17,False,
DOC0004236,SIN001412,Informe,True,True,2024-07-15,False,
DOC0004237,SIN001413,Denuncia,True,True,2024-07-28,False,
DOC0004238,SIN001413,Factura,True,True,2024-07-28,False,
DOC0004239,SIN001413,Informe,True,True,2024-07-28,False,
DOC0004240,SIN001414,Denuncia,True,True,2025-02-03,False,
DOC0004241,SIN001414,Factura,True,True,2025-02-05,False,
DOC0004242,SIN001414,Informe,True,True,2025-02-06,False,
DOC0004243,SIN001415,Denuncia,True,True,2024-11-26,False,
DOC0004244,SIN001415,Factura,True,True,2024-11-28,False,
DOC0004245,SIN001415,Informe,True,True,2024-12-01,False,
DOC0004246,SIN001416,Denuncia,True,True,2024-10-10,False,
DOC0004247,SIN001416,Factura,True,True,2024-10-07,False,
DOC0004248,SIN001416,Informe,True,True,2024-10-08,False,
DOC0004249,SIN001417,Denuncia,True,True,2025-07-19,False,
DOC0004250,SIN001417,Factura,True,True,2025-07-18,False,
DOC0004251,SIN001417,Informe,True,True,2025-07-19,False,
DOC0004252,SIN001418,Denuncia,True,True,2025-04-28,False,
DOC0004253,SIN001418,Factura,True,True,2025-04-29,False,
DOC0004254,SIN001418,Informe,True,True,2025-05-01,False,
DOC0004255,SIN001419,Denuncia,True,True,2024-06-20,False,
DOC0004256,SIN001419,Factura,True,True,2024-06-18,False,
DOC0004257,SIN001419,Informe,True,True,2024-06-23,False,
DOC0004258,SIN001420,Denuncia,True,True,2025-08-06,False,
DOC0004259,SIN001420,Factura,True,True,2025-08-05,False,
DOC0004260,SIN001420,Informe,True,True,2025-08-06,False,
DOC0004261,SIN001421,Denuncia,True,True,2024-09-21,False,
DOC0004262,SIN001421,Factura,True,True,2024-09-21,False,
DOC0004263,SIN001421,Informe,True,True,2024-09-21,False,
DOC0004264,SIN001422,Denuncia,True,True,2024-07-06,False,
DOC0004265,SIN001422,Factura,True,True,2024-07-08,False,
DOC0004266,SIN001422,Informe,True,True,2024-07-09,False,
DOC0004267,SIN001423,Denuncia,True,True,2025-01-12,False,
DOC0004268,SIN001423,Factura,True,True,2025-01-12,False,
DOC0004269,SIN001423,Informe,True,True,2025-01-12,False,
DOC0004270,SIN001424,Denuncia,True,True,2025-02-11,False,
DOC0004271,SIN001424,Factura,True,True,2025-02-10,False,
DOC0004272,SIN001424,Informe,True,True,2025-02-13,False,
DOC0004273,SIN001425,Denuncia,True,True,2024-07-14,False,
DOC0004274,SIN001425,Factura,True,True,2024-07-14,False,
DOC0004275,SIN001425,Informe,True,True,2024-07-18,False,
DOC0004276,SIN001426,Denuncia,True,True,2025-09-04,False,
DOC0004277,SIN001426,Factura,True,True,2025-09-04,False,
DOC0004278,SIN001426,Informe,True,True,2025-08-30,False,
DOC0004279,SIN001427,Denuncia,True,True,2024-06-22,False,
DOC0004280,SIN001427,Factura,True,True,2024-06-19,False,
DOC0004281,SIN001427,Informe,True,True,2024-06-22,False,
DOC0004282,SIN001428,Denuncia,True,True,2025-03-20,False,
DOC0004283,SIN001428,Factura,True,True,2025-03-20,False,
DOC0004284,SIN001428,Informe,True,True,2025-03-17,False,
DOC0004285,SIN001429,Denuncia,True,True,2025-03-22,False,
DOC0004286,SIN001429,Factura,True,True,2025-03-24,False,
DOC0004287,SIN001429,Informe,True,True,2025-03-23,False,
DOC0004288,SIN001430,Denuncia,True,True,2025-03-09,False,
DOC0004289,SIN001430,Factura,True,True,2025-03-11,False,
DOC0004290,SIN001430,Informe,True,True,2025-03-10,False,
DOC0004291,SIN001431,Denuncia,True,True,2025-02-27,False,
DOC0004292,SIN001431,Factura,True,True,2025-03-01,False,
DOC0004293,SIN001431,Informe,True,True,2025-02-27,False,
DOC0004294,SIN001432,Denuncia,True,True,2025-06-01,False,
DOC0004295,SIN001432,Factura,True,True,2025-06-04,False,
DOC0004296,SIN001432,Informe,True,True,2025-06-01,False,
DOC0004297,SIN001433,Denuncia,True,True,2025-01-14,False,
DOC0004298,SIN001433,Factura,True,True,2025-01-15,False,
DOC0004299,SIN001433,Informe,True,True,2025-01-16,False,
DOC0004300,SIN001434,Denuncia,True,True,2024-10-30,False,
DOC0004301,SIN001434,Factura,True,True,2024-10-27,False,
DOC0004302,SIN001434,Informe,True,True,2024-10-29,False,
DOC0004303,SIN001435,Denuncia,True,True,2024-07-13,False,
DOC0004304,SIN001435,Factura,True,True,2024-07-18,False,
DOC0004305,SIN001435,Informe,True,True,2024-07-18,False,
DOC0004306,SIN001436,Denuncia,True,True,2025-05-08,False,
DOC0004307,SIN001436,Factura,True,True,2025-05-08,False,
DOC0004308,SIN001436,Informe,True,True,2025-05-09,False,
DOC0004309,SIN001437,Denuncia,True,True,2024-10-02,False,
DOC0004310,SIN001437,Factura,True,True,2024-10-03,False,
DOC0004311,SIN001437,Informe,True,True,2024-10-02,False,
DOC0004312,SIN001438,Denuncia,True,True,2024-11-02,False,
DOC0004313,SIN001438,Factura,True,True,2024-10-30,False,
DOC0004314,SIN001438,Informe,True,True,2024-11-01,False,
DOC0004315,SIN001439,Denuncia,True,True,2024-06-07,False,
DOC0004316,SIN001439,Factura,True,True,2024-06-11,False,
DOC0004317,SIN001439,Informe,True,True,2024-06-10,False,
DOC0004318,SIN001440,Denuncia,True,True,2024-12-29,False,
DOC0004319,SIN001440,Factura,True,True,2025-01-02,False,
DOC0004320,SIN001440,Informe,True,True,2025-01-01,False,
DOC0004321,SIN001441,Denuncia,True,True,2025-08-23,False,
DOC0004322,SIN001441,Factura,True,True,2025-08-23,False,
DOC0004323,SIN001441,Informe,True,True,2025-08-23,False,
DOC0004324,SIN001442,Denuncia,True,True,2024-11-14,False,
DOC0004325,SIN001442,Factura,True,True,2024-11-13,False,
DOC0004326,SIN001442,Informe,True,True,2024-11-14,False,
DOC0004327,SIN001443,Denuncia,True,True,2024-09-14,False,
DOC0004328,SIN001443,Factura,True,True,2024-09-13,False,
DOC0004329,SIN001443,Informe,True,True,2024-09-15,False,
DOC0004330,SIN001444,Denuncia,True,True,2025-04-19,False,
DOC0004331,SIN001444,Factura,True,True,2025-04-20,False,
DOC0004332,SIN001444,Informe,True,True,2025-04-19,False,
DOC0004333,SIN001445,Denuncia,True,True,2024-05-26,False,
DOC0004334,SIN001445,Factura,True,True,2024-05-29,False,
DOC0004335,SIN001445,Informe,True,True,2024-05-29,False,
DOC0004336,SIN001446,Denuncia,True,True,2025-02-01,False,
DOC0004337,SIN001446,Factura,True,True,2025-01-30,False,
DOC0004338,SIN001446,Informe,True,True,2025-01-31,False,
DOC0004339,SIN001447,Denuncia,True,True,2024-06-07,False,
DOC0004340,SIN001447,Factura,True,True,2024-06-06,False,
DOC0004341,SIN001447,Informe,True,True,2024-06-06,False,
DOC0004342,SIN001448,Denuncia,True,True,2024-10-15,False,
DOC0004343,SIN001448,Factura,True,True,2024-10-20,False,
DOC0004344,SIN001448,Informe,True,True,2024-10-20,False,
DOC0004345,SIN001449,Denuncia,True,True,2025-05-02,False,
DOC0004346,SIN001449,Factura,True,True,2025-05-02,False,
DOC0004347,SIN001449,Informe,True,True,2025-05-07,False,
DOC0004348,SIN001450,Denuncia,True,True,2025-05-16,False,
DOC0004349,SIN001450,Factura,True,True,2025-05-16,False,
DOC0004350,SIN001450,Informe,True,True,2025-05-19,False,
DOC0004351,SIN001451,Denuncia,True,True,2025-10-08,False,
DOC0004352,SIN001451,Factura,True,True,2025-10-08,False,
DOC0004353,SIN001451,Informe,True,True,2025-10-05,False,
DOC0004354,SIN001452,Denuncia,True,True,2025-02-22,False,
DOC0004355,SIN001452,Factura,True,True,2025-02-26,False,
DOC0004356,SIN001452,Informe,True,True,2025-02-22,False,
DOC0004357,SIN001453,Denuncia,True,True,2024-07-24,False,
DOC0004358,SIN001453,Factura,True,True,2024-07-22,False,
DOC0004359,SIN001453,Informe,True,True,2024-07-22,False,
DOC0004360,SIN001454,Denuncia,True,True,2024-11-02,False,
DOC0004361,SIN001454,Factura,True,True,2024-11-04,False,
DOC0004362,SIN001454,Informe,True,True,2024-11-04,False,
DOC0004363,SIN001455,Denuncia,True,True,2025-02-03,False,
DOC0004364,SIN001455,Factura,True,True,2025-02-05,False,
DOC0004365,SIN001455,Informe,True,True,2025-02-03,False,
DOC0004366,SIN001456,Denuncia,True,True,2024-11-16,False,
DOC0004367,SIN001456,Factura,True,True,2024-11-16,False,
DOC0004368,SIN001456,Informe,True,True,2024-11-15,False,
DOC0004369,SIN001457,Denuncia,True,True,2025-05-19,False,
DOC0004370,SIN001457,Factura,True,True,2025-05-14,False,
DOC0004371,SIN001457,Informe,True,True,2025-05-14,False,
DOC0004372,SIN001458,Denuncia,True,True,2024-11-26,False,
DOC0004373,SIN001458,Factura,True,True,2024-11-24,False,
DOC0004374,SIN001458,Informe,True,True,2024-11-26,False,
DOC0004375,SIN001459,Denuncia,True,True,2025-01-31,False,
DOC0004376,SIN001459,Factura,True,True,2025-01-30,False,
DOC0004377,SIN001459,Informe,True,True,2025-02-02,False,
DOC0004378,SIN001460,Denuncia,True,True,2025-01-23,False,
DOC0004379,SIN001460,Factura,True,True,2025-01-24,False,
DOC0004380,SIN001460,Informe,True,True,2025-01-25,False,
DOC0004381,SIN001461,Denuncia,True,True,2025-01-23,False,
DOC0004382,SIN001461,Factura,True,True,2025-01-24,False,
DOC0004383,SIN001461,Informe,True,True,2025-01-23,False,
DOC0004384,SIN001462,Denuncia,True,True,2025-07-19,False,
DOC0004385,SIN001462,Factura,True,True,2025-07-24,False,
DOC0004386,SIN001462,Informe,True,True,2025-07-24,False,
DOC0004387,SIN001463,Denuncia,True,True,2024-11-08,False,
DOC0004388,SIN001463,Factura,True,True,2024-11-04,False,
DOC0004389,SIN001463,Informe,True,True,2024-11-08,False,
DOC0004390,SIN001464,Denuncia,True,True,2025-03-31,False,
DOC0004391,SIN001464,Factura,True,True,2025-04-02,False,
DOC0004392,SIN001464,Informe,True,True,2025-03-29,False,
DOC0004393,SIN001465,Denuncia,True,True,2024-04-28,False,
DOC0004394,SIN001465,Factura,True,True,2024-05-02,False,
DOC0004395,SIN001465,Informe,True,True,2024-04-30,False,
